<?xml version="1.0" encoding="utf-8"?>
<ode><userPreferences><userPreference><key>theme</key><value>base</value></userPreference></userPreferences><odeResources><odeResource><key>odeVersionId</key><value>20251102190305LWVRQI</value></odeResource><odeResource><key>odeId</key><value>20251102190251EVKNIO</value></odeResource><odeResource><key>odeVersionName</key><value>0</value></odeResource><odeResource><key>isDownload</key><value>true</value></odeResource></odeResources><odeProperties><odeProperty><key>pp_title</key><value>الرياضيات فصل الملايين قراءة و كتابة</value></odeProperty><odeProperty><key>pp_lang</key><value>ar</value></odeProperty><odeProperty><key>pp_author</key><value>احمد بوسف</value></odeProperty><odeProperty><key>license</key><value>creative commons: attribution - share alike 4.0</value></odeProperty><odeProperty><key>pp_description</key><value>الدرس موجه للمستوى الخامس ابتدائي</value></odeProperty><odeProperty><key>exportSource</key><value>true</value></odeProperty><odeProperty><key>pp_addExeLink</key><value>true</value></odeProperty><odeProperty><key>pp_exportElp</key><value>false</value></odeProperty><odeProperty><key>pp_addPagination</key><value>false</value></odeProperty><odeProperty><key>pp_addSearchBox</key><value>false</value></odeProperty><odeProperty><key>pp_addAccessibilityToolbar</key><value>false</value></odeProperty><odeProperty><key>pp_extraHeadContent</key><value/></odeProperty><odeProperty><key>footer</key><value/></odeProperty></odeProperties><odeNavStructures><odeNavStructure><odePageId>20251102190305YNWKBK</odePageId><odeParentPageId/><pageName>فصل الملايين قراءة و كتابة</pageName><odeNavStructureOrder>1</odeNavStructureOrder><odeNavStructureProperties><odeNavStructureProperty><key>titleNode</key><value>فصل الملايين قراءة و كتابة</value></odeNavStructureProperty><odeNavStructureProperty><key>titleHtml</key><value/></odeNavStructureProperty><odeNavStructureProperty><key>editableInPage</key><value>false</value></odeNavStructureProperty><odeNavStructureProperty><key>titlePage</key><value>فصل الملايين قراءة و كتابة</value></odeNavStructureProperty><odeNavStructureProperty><key>visibility</key><value>true</value></odeNavStructureProperty><odeNavStructureProperty><key>description</key><value/></odeNavStructureProperty></odeNavStructureProperties><odePagStructures><odePagStructure><odePageId>20251102190305YNWKBK</odePageId><odeBlockId>20251102190305KNCJWG</odeBlockId><blockName>الهدف</blockName><iconName>observe</iconName><odePagStructureOrder>1</odePagStructureOrder><odePagStructureProperties><odePagStructureProperty><key>visibility</key><value>true</value></odePagStructureProperty><odePagStructureProperty><key>teacherOnly</key><value>false</value></odePagStructureProperty><odePagStructureProperty><key>allowToggle</key><value>true</value></odePagStructureProperty><odePagStructureProperty><key>minimized</key><value>false</value></odePagStructureProperty><odePagStructureProperty><key>identifier</key><value/></odePagStructureProperty><odePagStructureProperty><key>cssClass</key><value/></odePagStructureProperty></odePagStructureProperties><odeComponents><odeComponent><odePageId>20251102190305YNWKBK</odePageId><odeBlockId>20251102190305KNCJWG</odeBlockId><odeIdeviceId>20251101230427280RHX</odeIdeviceId><odeIdeviceTypeName>text</odeIdeviceTypeName><htmlView>&lt;div class="exe-text-template"&gt;&lt;div class="textIdeviceContent"&gt;
            &lt;div class="exe-text-activity"&gt;
                &lt;div&gt;&lt;p style="text-align: center;"&gt;&lt;strong&gt;&lt;span style="font-size: 24pt; color: #e67e23;"&gt;أقرأ و أكتب أعدادا من فئة الملايين&lt;/span&gt;&lt;/strong&gt;&lt;/p&gt;&lt;p class="clearfix"&gt;&lt;/p&gt;&lt;/div&gt;
            &lt;/div&gt;&lt;/div&gt;&lt;/div&gt;</htmlView><jsonProperties>{"ideviceId":"20251101230427280RHX","textInfoDurationInput":"","textInfoDurationTextInput":"Duración","textInfoParticipantsInput":"","textInfoParticipantsTextInput":"Agrupamiento","textTextarea":"&lt;p style=\"text-align: center;\"&gt;&lt;strong&gt;&lt;span style=\"font-size: 24pt; color: #e67e23;\"&gt;أقرأ و أكتب أعدادا من فئة الملايين&lt;/span&gt;&lt;/strong&gt;&lt;/p&gt;","textFeedbackInput":"Show Feedback","textFeedbackTextarea":""}</jsonProperties><odeComponentsOrder>1</odeComponentsOrder><odeComponentsProperties><odeComponentsProperty><key>visibility</key><value>true</value></odeComponentsProperty><odeComponentsProperty><key>teacherOnly</key><value>false</value></odeComponentsProperty><odeComponentsProperty><key>identifier</key><value/></odeComponentsProperty><odeComponentsProperty><key>cssClass</key><value/></odeComponentsProperty></odeComponentsProperties></odeComponent></odeComponents></odePagStructure></odePagStructures></odeNavStructure><odeNavStructure><odePageId>20251102190305MRHNHD</odePageId><odeParentPageId/><pageName>نمذجة 2</pageName><odeNavStructureOrder>2</odeNavStructureOrder><odeNavStructureProperties><odeNavStructureProperty><key>titleNode</key><value/></odeNavStructureProperty><odeNavStructureProperty><key>titleHtml</key><value/></odeNavStructureProperty><odeNavStructureProperty><key>editableInPage</key><value>false</value></odeNavStructureProperty><odeNavStructureProperty><key>titlePage</key><value>نمذجة 2</value></odeNavStructureProperty><odeNavStructureProperty><key>visibility</key><value>true</value></odeNavStructureProperty><odeNavStructureProperty><key>description</key><value/></odeNavStructureProperty></odeNavStructureProperties><odePagStructures><odePagStructure><odePageId>20251102190305MRHNHD</odePageId><odeBlockId>20251102190305BOWMAY</odeBlockId><blockName/><iconName>video</iconName><odePagStructureOrder>1</odePagStructureOrder><odePagStructureProperties><odePagStructureProperty><key>visibility</key><value>true</value></odePagStructureProperty><odePagStructureProperty><key>teacherOnly</key><value>false</value></odePagStructureProperty><odePagStructureProperty><key>allowToggle</key><value>true</value></odePagStructureProperty><odePagStructureProperty><key>minimized</key><value>false</value></odePagStructureProperty><odePagStructureProperty><key>identifier</key><value/></odePagStructureProperty><odePagStructureProperty><key>cssClass</key><value/></odePagStructureProperty></odePagStructureProperties><odeComponents><odeComponent><odePageId>20251102190305MRHNHD</odePageId><odeBlockId>20251102190305BOWMAY</odeBlockId><odeIdeviceId>20251101233041748S58</odeIdeviceId><odeIdeviceTypeName>text</odeIdeviceTypeName><htmlView>&lt;div class="exe-text-template"&gt;&lt;div class="textIdeviceContent"&gt;
            &lt;div class="exe-text-activity"&gt;
                &lt;div&gt;&lt;p&gt;&lt;video width="1280" height="640" controls="controls"&gt;
&lt;source src="{{context_path}}/20251101233041748S58/Mdia12.mp4" type="video/mp4"&gt;&lt;/video&gt;&lt;br&gt;&lt;/p&gt;&lt;p class="clearfix"&gt;&lt;/p&gt;&lt;/div&gt;
            &lt;/div&gt;&lt;/div&gt;&lt;/div&gt;</htmlView><jsonProperties>{"ideviceId":"20251101233041748S58","textInfoDurationInput":"","textInfoDurationTextInput":"Duración","textInfoParticipantsInput":"","textInfoParticipantsTextInput":"Agrupamiento","textTextarea":"&lt;p&gt;&lt;video width=\"1280\" height=\"640\" controls=\"controls\"&gt;\n&lt;source src=\"{{context_path}}/20251101233041748S58/Mdia12.mp4\" type=\"video/mp4\" /&gt;&lt;/video&gt;&lt;br /&gt;&lt;/p&gt;","textFeedbackInput":"Show Feedback","textFeedbackTextarea":""}</jsonProperties><odeComponentsOrder>1</odeComponentsOrder><odeComponentsProperties><odeComponentsProperty><key>visibility</key><value>true</value></odeComponentsProperty><odeComponentsProperty><key>teacherOnly</key><value>false</value></odeComponentsProperty><odeComponentsProperty><key>identifier</key><value/></odeComponentsProperty><odeComponentsProperty><key>cssClass</key><value/></odeComponentsProperty></odeComponentsProperties></odeComponent></odeComponents></odePagStructure></odePagStructures></odeNavStructure><odeNavStructure><odePageId>20251102190305FJFQBR</odePageId><odeParentPageId>20251102190305YNWKBK</odeParentPageId><pageName>نمذجة 1</pageName><odeNavStructureOrder>1</odeNavStructureOrder><odeNavStructureProperties><odeNavStructureProperty><key>titleNode</key><value/></odeNavStructureProperty><odeNavStructureProperty><key>titleHtml</key><value/></odeNavStructureProperty><odeNavStructureProperty><key>editableInPage</key><value>false</value></odeNavStructureProperty><odeNavStructureProperty><key>titlePage</key><value>نمذجة 1</value></odeNavStructureProperty><odeNavStructureProperty><key>visibility</key><value>true</value></odeNavStructureProperty><odeNavStructureProperty><key>description</key><value/></odeNavStructureProperty></odeNavStructureProperties><odePagStructures><odePagStructure><odePageId>20251102190305FJFQBR</odePageId><odeBlockId>20251102190305YUZPUH</odeBlockId><blockName/><iconName>video</iconName><odePagStructureOrder>1</odePagStructureOrder><odePagStructureProperties><odePagStructureProperty><key>visibility</key><value>true</value></odePagStructureProperty><odePagStructureProperty><key>teacherOnly</key><value>false</value></odePagStructureProperty><odePagStructureProperty><key>allowToggle</key><value>true</value></odePagStructureProperty><odePagStructureProperty><key>minimized</key><value>false</value></odePagStructureProperty><odePagStructureProperty><key>identifier</key><value/></odePagStructureProperty><odePagStructureProperty><key>cssClass</key><value/></odePagStructureProperty></odePagStructureProperties><odeComponents><odeComponent><odePageId>20251102190305FJFQBR</odePageId><odeBlockId>20251102190305YUZPUH</odeBlockId><odeIdeviceId>2025110122571068694U</odeIdeviceId><odeIdeviceTypeName>text</odeIdeviceTypeName><htmlView>&lt;div class="exe-text-template"&gt;&lt;div class="textIdeviceContent"&gt;
            &lt;div class="exe-text-activity"&gt;
                &lt;div&gt;&lt;p&gt;&lt;video width="1280" height="640" controls="controls"&gt;
&lt;source src="{{context_path}}/2025110122571068694U/Mdia11_1.mp4" type="video/mp4"&gt;&lt;/video&gt;&lt;br&gt;&lt;/p&gt;&lt;p class="clearfix"&gt;&lt;/p&gt;&lt;/div&gt;
            &lt;/div&gt;&lt;/div&gt;&lt;/div&gt;</htmlView><jsonProperties>{"ideviceId":"2025110122571068694U","textInfoDurationInput":"","textInfoDurationTextInput":"Duración","textInfoParticipantsInput":"","textInfoParticipantsTextInput":"Agrupamiento","textTextarea":"&lt;p&gt;&lt;video width=\"1280\" height=\"640\" controls=\"controls\"&gt;\n&lt;source src=\"{{context_path}}/2025110122571068694U/Mdia11_1.mp4\" type=\"video/mp4\" /&gt;&lt;/video&gt;&lt;br /&gt;&lt;/p&gt;","textFeedbackInput":"Show Feedback","textFeedbackTextarea":""}</jsonProperties><odeComponentsOrder>1</odeComponentsOrder><odeComponentsProperties><odeComponentsProperty><key>visibility</key><value>true</value></odeComponentsProperty><odeComponentsProperty><key>teacherOnly</key><value>false</value></odeComponentsProperty><odeComponentsProperty><key>identifier</key><value/></odeComponentsProperty><odeComponentsProperty><key>cssClass</key><value/></odeComponentsProperty></odeComponentsProperties></odeComponent></odeComponents></odePagStructure></odePagStructures></odeNavStructure><odeNavStructure><odePageId>20251102190305XXVAYD</odePageId><odeParentPageId>20251102190305MRHNHD</odeParentPageId><pageName>النشاط 3</pageName><odeNavStructureOrder>1</odeNavStructureOrder><odeNavStructureProperties><odeNavStructureProperty><key>titleNode</key><value/></odeNavStructureProperty><odeNavStructureProperty><key>titleHtml</key><value/></odeNavStructureProperty><odeNavStructureProperty><key>editableInPage</key><value>false</value></odeNavStructureProperty><odeNavStructureProperty><key>titlePage</key><value>النشاط 3</value></odeNavStructureProperty><odeNavStructureProperty><key>visibility</key><value>true</value></odeNavStructureProperty><odeNavStructureProperty><key>description</key><value/></odeNavStructureProperty></odeNavStructureProperties><odePagStructures><odePagStructure><odePageId>20251102190305XXVAYD</odePageId><odeBlockId>20251102190305ZQCJEI</odeBlockId><blockName/><iconName>draw</iconName><odePagStructureOrder>1</odePagStructureOrder><odePagStructureProperties><odePagStructureProperty><key>visibility</key><value>true</value></odePagStructureProperty><odePagStructureProperty><key>teacherOnly</key><value>false</value></odePagStructureProperty><odePagStructureProperty><key>allowToggle</key><value>true</value></odePagStructureProperty><odePagStructureProperty><key>minimized</key><value>false</value></odePagStructureProperty><odePagStructureProperty><key>identifier</key><value/></odePagStructureProperty><odePagStructureProperty><key>cssClass</key><value/></odePagStructureProperty></odePagStructureProperties><odeComponents><odeComponent><odePageId>20251102190305XXVAYD</odePageId><odeBlockId>20251102190305ZQCJEI</odeBlockId><odeIdeviceId>20251102105857PPYZRM</odeIdeviceId><odeIdeviceTypeName>complete</odeIdeviceTypeName><htmlView>&lt;div class="completa-IDevice"&gt;&lt;div class="game-evaluation-ids js-hidden" data-id="20251102105857PPYZRM" data-evaluationb="false" data-evaluationid="20251101215421QVIFOY"&gt;&lt;/div&gt;&lt;div class="completa-feedback-game"&gt;&lt;/div&gt;&lt;div class="completa-instructions"&gt;&lt;p style="text-align: center;"&gt;&lt;span style="font-size: 18pt; color: #236fa1;"&gt;&lt;strong&gt;أكتب الأعداد الأرقام&lt;/strong&gt;&lt;/span&gt;&lt;/p&gt;&lt;/div&gt;&lt;div class="completa-DataGame js-hidden"&gt;%E9%B0%E6%EB%E2%F7%D5%F3%FF%F7%B0%A8%B0%D1%FD%FF%E2%FE%F7%E6%F3%B0%BE%B0%FB%FC%E1%E6%E0%E7%F1%E6%FB%FD%FC%E1%B0%A8%B0%AE%E2%B2%E1%E6%EB%FE%F7%AF%CE%B0%E6%F7%EA%E6%BF%F3%FE%FB%F5%FC%A8%B2%F1%F7%FC%E6%F7%E0%A9%CE%B0%AC%AE%E1%E2%F3%FC%B2%E1%E6%EB%FE%F7%AF%CE%B0%F4%FD%FC%E6%BF%E1%FB%E8%F7%A8%B2%A3%AA%E2%E6%A9%B2%F1%FD%FE%FD%E0%A8%B2%B1%A0%A1%A4%F4%F3%A3%A9%CE%B0%AC%AE%E1%E6%E0%FD%FC%F5%AC%u06B1%u06D1%u06B8%u06BA%B2%u06B5%u06D6%u06B1%u06AB%u06BD%u06B5%u06BD%B2%u06B5%u06D6%u06B1%u06A3%u06D0%u06B5%u06D7%AE%BD%E1%E6%E0%FD%FC%F5%AC%AE%BD%E1%E2%F3%FC%AC%AE%BD%E2%AC%B0%BE%B0%E6%F7%EA%E6%C6%F7%EA%E6%B0%A8%B0%B7%A1%D1%E2%B7%A1%D7%B7%A1%D1%E1%E6%E0%FD%FC%F5%B7%A1%D7%B7%A1%D1%E1%E2%F3%FC%B7%A0%A2%E1%E6%EB%FE%F7%B7%A1%D6%B7%A0%A0%F4%FD%FC%E6%BF%E1%FB%E8%F7%B7%A1%D3%B7%A0%A2%A3%AA%E2%E6%B7%A1%D0%B7%A0%A0%B7%A1%D7%D2%D2%AA%A2%B7%A0%A2%AB%AB%AB%B7%A0%A2%A2%A2%A3%D2%D2%B7%A0%A2%B7%E7%A2%A4%A0%D0%B7%E7%A2%A4%A6%A7%B7%E7%A2%A4%A0%A5%B7%E7%A2%A4%A6%A4%B7%E7%A2%A4%A6%AA%B7%E7%A2%A4%A6%A4%B7%A0%A2%B7%A1%D1%E1%E2%F3%FC%B7%A0%A2%E1%E6%EB%FE%F7%B7%A1%D6%B7%A0%A0%F1%FD%FE%FD%E0%B7%A1%D3%B7%A0%A2%B7%A0%A1%F7%A2%A1%F7%A0%F6%B7%A1%D0%B7%A0%A0%B7%A1%D7%B7%E7%A2%A4%A6%A7%B7%E7%A2%A4%A6%A6%B7%E7%A2%A4%A6%D3%B7%E7%A2%A4%A6%AA%B7%E7%A2%A4%A6%A4%B7%E7%A2%A4%A0%A5%B7%A0%A2%B7%A1%D1%BD%E1%E2%F3%FC%B7%A1%D7%B7%E7%A2%A4%A6%AA%B7%A0%A2%B7%E7%A2%A4%A0%D3%B7%E7%A2%A4%A1%A1%B7%E7%A2%A4%A1%AB%B7%A0%A2%B7%E7%A2%A4%A6%A7%B7%E7%A2%A4%A0%A4%B7%E7%A2%A4%A0%AB%B7%A0%A2%B7%E7%A2%A4%A6%AA%B7%E7%A2%A4%A0%D3%B7%E7%A2%A4%A1%A1%B7%E7%A2%A4%A1%AB%B7%E7%A2%A4%A0%AB%B7%A0%A2%B7%E7%A2%A4%A6%AA%B7%E7%A2%A4%A0%D3%B7%E7%A2%A4%A1%A1%B7%E7%A2%A4%A1%AB%B7%E7%A2%A4%A6%AA%B7%E7%A2%A4%A6%A4%B7%A0%A2%B7%A1%D1%E1%E2%F3%FC%B7%A0%A2%E1%E6%EB%FE%F7%B7%A1%D6%B7%A0%A0%F1%FD%FE%FD%E0%B7%A1%D3%B7%A0%A2%B7%A0%A1%F7%A2%A1%F7%A0%F6%B7%A1%D0%B7%A0%A0%B7%A1%D7%B7%E7%A2%A4%A0%A1%B7%E7%A2%A4%A6%A6%B7%E7%A2%A4%A6%A3%B7%E7%A2%A4%A0%A5%B7%A0%A2%B7%A1%D1%BD%E1%E2%F3%FC%B7%A1%D7%B7%E7%A2%A4%A6%AA%B7%A0%A2%B7%E7%A2%A4%A6%AA%B7%E7%A2%A4%A0%A5%B7%E7%A2%A4%A0%D6%B7%E7%A2%A4%A0%D4%B7%A1%D1%BD%E1%E2%F3%FC%B7%A1%D7%B7%A1%D1%BD%E1%E6%E0%FD%FC%F5%B7%A1%D7%B7%A1%D1%BD%E2%B7%A1%D7%B7%A2%D3%B7%A1%D1%E2%B7%A1%D7%B7%A1%D1%E1%E6%E0%FD%FC%F5%B7%A1%D7%B7%A1%D1%E1%E2%F3%FC%B7%A0%A2%E1%E6%EB%FE%F7%B7%A1%D6%B7%A0%A0%F4%FD%FC%E6%BF%E1%FB%E8%F7%B7%A1%D3%B7%A0%A2%A3%AA%E2%E6%B7%A1%D0%B7%A0%A0%B7%A1%D7%D2%D2%A0%AB%A7%B7%A0%A2%A5%A2%A2%B7%A0%A2%A2%A1%A2%D2%D2%B7%A0%A2%B7%E7%A2%A4%A6%A7%B7%E7%A2%A4%A0%A4%B7%E7%A2%A4%A0%D3%B7%E7%A2%A4%A0%A5%B7%E7%A2%A4%A6%A4%B7%A0%A2%B7%E7%A2%A4%A6%AA%B7%A0%A2%B7%E7%A2%A4%A0%D7%B7%E7%A2%A4%A6%A7%B7%E7%A2%A4%A1%A1%B7%E7%A2%A4%A0%AB%B7%A0%A2%B7%E7%A2%A4%A6%AA%B7%E7%A2%A4%A0%D3%B7%E7%A2%A4%A1%A1%B7%E7%A2%A4%A1%AB%B7%E7%A2%A4%A6%AA%B7%E7%A2%A4%A6%A4%B7%A0%A2%B7%A1%D1%E1%E2%F3%FC%B7%A0%A2%E1%E6%EB%FE%F7%B7%A1%D6%B7%A0%A0%F1%FD%FE%FD%E0%B7%A1%D3%B7%A0%A2%B7%A0%A1%F7%A2%A1%F7%A0%F6%B7%A1%D0%B7%A0%A0%B7%A1%D7%B7%E7%A2%A4%A6%A7%B7%E7%A2%A4%A6%A6%B7%E7%A2%A4%A6%D3%B7%E7%A2%A4%A6%AA%B7%E7%A2%A4%A6%A4%B7%E7%A2%A4%A0%A5%B7%A0%A2%B7%A1%D1%BD%E1%E2%F3%FC%B7%A1%D7%B7%E7%A2%A4%A6%AA%B7%A0%A2%B7%E7%A2%A4%A1%A1%B7%E7%A2%A4%A0%AA%B7%E7%A2%A4%A1%AB%B7%A0%A2%B7%E7%A2%A4%A6%A7%B7%E7%A2%A4%A0%A4%B7%E7%A2%A4%A0%AB%B7%A0%A2%B7%A1%D1%E1%E2%F3%FC%B7%A0%A2%E1%E6%EB%FE%F7%B7%A1%D6%B7%A0%A0%F1%FD%FE%FD%E0%B7%A1%D3%B7%A0%A2%B7%A0%A1%F7%A2%A1%F7%A0%F6%B7%A1%D0%B7%A0%A0%B7%A1%D7%B7%E7%A2%A4%A0%A1%B7%E7%A2%A4%A6%A6%B7%E7%A2%A4%A6%A3%B7%A0%A2%B7%A1%D1%BD%E1%E2%F3%FC%B7%A1%D7%B7%E7%A2%A4%A6%AA%B7%A0%A2%B7%E7%A2%A4%A0%D0%B7%E7%A2%A4%A6%A6%B7%E7%A2%A4%A0%A5%B7%E7%A2%A4%A0%D0%B7%E7%A2%A4%A6%AA%B7%E7%A2%A4%A6%A4%B7%A1%D1%BD%E1%E2%F3%FC%B7%A1%D7%B7%A1%D1%BD%E1%E6%E0%FD%FC%F5%B7%A1%D7%B7%A1%D1%BD%E2%B7%A1%D7%B7%A2%D3%B7%A1%D1%E2%B7%A1%D7%B7%A1%D1%E1%E6%E0%FD%FC%F5%B7%A1%D7%B7%A1%D1%E1%E2%F3%FC%B7%A0%A2%E1%E6%EB%FE%F7%B7%A1%D6%B7%A0%A0%F4%FD%FC%E6%BF%E1%FB%E8%F7%B7%A1%D3%B7%A0%A2%A3%AA%E2%E6%B7%A1%D0%B7%A0%A0%B7%A1%D7%D2%D2%AB%A2%A2%B7%A0%A2%A1%A6%A7%B7%A0%A2%AB%AB%A2%D2%D2%B7%A0%A2%B7%E7%A2%A4%A0%D3%B7%E7%A2%A4%A1%A1%B7%E7%A2%A4%A1%AB%B7%A0%A2%B7%E7%A2%A4%A6%A7%B7%E7%A2%A4%A0%A4%B7%E7%A2%A4%A0%AB%B7%A0%A2%B7%A1%D1%E1%E2%F3%FC%B7%A0%A2%E1%E6%EB%FE%F7%B7%A1%D6%B7%A0%A0%F1%FD%FE%FD%E0%B7%A1%D3%B7%A0%A2%B7%A0%A1%F7%A2%A1%F7%A0%F6%B7%A1%D0%B7%A0%A0%B7%A1%D7%B7%E7%A2%A4%A6%A7%B7%E7%A2%A4%A6%A6%B7%E7%A2%A4%A6%D3%B7%E7%A2%A4%A6%AA%B7%E7%A2%A4%A6%A4%B7%A0%A2%B7%A1%D1%BD%E1%E2%F3%FC%B7%A1%D7%B7%E7%A2%A4%A6%AA%B7%A0%A2%B7%E7%A2%A4%A0%D0%B7%E7%A2%A4%A6%A6%B7%E7%A2%A4%A0%A5%B7%E7%A2%A4%A0%D0%B7%A0%A2%B7%E7%A2%A4%A6%A7%B7%E7%A2%A4%A0%A4%B7%E7%A2%A4%A0%AB%B7%A0%A2%B7%E7%A2%A4%A6%AA%B7%A0%A2%B7%E7%A2%A4%A0%D7%B7%E7%A2%A4%A6%A7%B7%E7%A2%A4%A1%A1%B7%E7%A2%A4%A0%AB%B7%A0%A2%B7%E7%A2%A4%A6%AA%B7%E7%A2%A4%A0%A1%B7%E7%A2%A4%A1%A3%B7%E7%A2%A4%A0%AA%B7%E7%A2%A4%A1%AB%B7%E7%A2%A4%A6%AA%B7%E7%A2%A4%A6%A4%B7%A0%A2%B7%A1%D1%E1%E2%F3%FC%B7%A0%A2%E1%E6%EB%FE%F7%B7%A1%D6%B7%A0%A0%F1%FD%FE%FD%E0%B7%A1%D3%B7%A0%A2%B7%A0%A1%F7%A2%A1%F7%A0%F6%B7%A1%D0%B7%A0%A0%B7%A1%D7%B7%E7%A2%A4%A0%A1%B7%E7%A2%A4%A6%A6%B7%E7%A2%A4%A6%A3%B7%E7%A2%A4%A0%A5%B7%A0%A2%B7%A1%D1%BD%E1%E2%F3%FC%B7%A1%D7%B7%E7%A2%A4%A6%AA%B7%A0%A2%B7%E7%A2%A4%A0%D3%B7%E7%A2%A4%A1%A1%B7%E7%A2%A4%A1%AB%B7%A0%A2%B7%E7%A2%A4%A6%A7%B7%E7%A2%A4%A0%A4%B7%E7%A2%A4%A0%AB%B7%A0%A2%B7%E7%A2%A4%A6%AA%B7%A0%A2%B7%E7%A2%A4%A0%D3%B7%E7%A2%A4%A1%A1%B7%E7%A2%A4%A1%AB%B7%E7%A2%A4%A6%AA%B7%E7%A2%A4%A6%A4%B7%A1%D1%BD%E1%E2%F3%FC%B7%A1%D7%B7%A1%D1%BD%E1%E6%E0%FD%FC%F5%B7%A1%D7%B7%A1%D1%BD%E2%B7%A1%D7%B7%A2%D3%B7%A1%D1%E2%B7%A1%D7%B7%A1%D1%E1%E6%E0%FD%FC%F5%B7%A1%D7%B7%A1%D1%E1%E2%F3%FC%B7%A0%A2%E1%E6%EB%FE%F7%B7%A1%D6%B7%A0%A0%F4%FD%FC%E6%BF%E1%FB%E8%F7%B7%A1%D3%B7%A0%A2%A3%AA%E2%E6%B7%A1%D0%B7%A0%A0%B7%A1%D7%D2%D2%A7%B7%A0%A2%A7%A2%A2%B7%A0%A2%A2%A2%AB%D2%D2%B7%A0%A2%B7%E7%A2%A4%A0%D7%B7%E7%A2%A4%A6%A7%B7%E7%A2%A4%A1%A1%B7%A0%A2%B7%A1%D1%E1%E2%F3%FC%B7%A0%A2%E1%E6%EB%FE%F7%B7%A1%D6%B7%A0%A0%F1%FD%FE%FD%E0%B7%A1%D3%B7%A0%A2%B7%A0%A1%F7%A2%A1%F7%A0%F6%B7%A1%D0%B7%A0%A0%B7%A1%D7%B7%E7%A2%A4%A6%A7%B7%E7%A2%A4%A6%A6%B7%E7%A2%A4%A0%A5%B7%E7%A2%A4%A6%D3%B7%E7%A2%A4%A6%D3%B7%E7%A2%A4%A6%A4%B7%A0%A2%B7%A1%D1%BD%E1%E2%F3%FC%B7%A1%D7%B7%E7%A2%A4%A6%AA%B7%A0%A2%B7%E7%A2%A4%A0%D7%B7%E7%A2%A4%A6%A7%B7%E7%A2%A4%A1%A1%B7%A0%A2%B7%E7%A2%A4%A6%A7%B7%E7%A2%A4%A0%A4%B7%E7%A2%A4%A0%AB%B7%A0%A2%B7%A1%D1%E1%E2%F3%FC%B7%A0%A2%E1%E6%EB%FE%F7%B7%A1%D6%B7%A0%A0%F1%FD%FE%FD%E0%B7%A1%D3%B7%A0%A2%B7%A0%A1%F7%A2%A1%F7%A0%F6%B7%A1%D0%B7%A0%A0%B7%A1%D7%B7%E7%A2%A4%A0%A1%B7%E7%A2%A4%A6%A6%B7%E7%A2%A4%A6%A3%B7%A0%A2%B7%A1%D1%BD%E1%E2%F3%FC%B7%A1%D7%B7%E7%A2%A4%A6%AA%B7%A0%A2%B7%E7%A2%A4%A0%D3%B7%E7%A2%A4%A1%A1%B7%E7%A2%A4%A1%AB%B7%E7%A2%A4%A0%AB%B7%A1%D1%BD%E1%E2%F3%FC%B7%A1%D7%B7%A1%D1%BD%E1%E6%E0%FD%FC%F5%B7%A1%D7%B7%A1%D1%BD%E2%B7%A1%D7%B0%BE%B0%E1%FA%FD%E5%DF%FB%FC%FB%FF%FB%E8%F7%B0%A8%F4%F3%FE%E1%F7%BE%B0%FB%E6%FB%FC%F7%E0%F3%E0%EB%B0%A8%E9%B0%E1%FA%FD%E5%D1%FE%E7%F7%B0%A8%F4%F3%FE%E1%F7%BE%B0%F1%FE%E7%F7%D5%F3%FF%F7%B0%A8%B0%B0%BE%B0%E2%F7%E0%F1%F7%FC%E6%F3%F5%F7%D1%FE%E7%F7%B0%A8%A6%A2%BE%B0%E1%FA%FD%E5%D1%FD%F6%F7%D3%F1%F1%F7%E1%E1%B0%A8%F4%F3%FE%E1%F7%BE%B0%F1%FD%F6%F7%D3%F1%F1%F7%E1%E1%B0%A8%B0%B0%BE%B0%FF%F7%E1%E1%F3%F5%F7%D1%FD%F6%F7%D3%F1%F1%F7%E1%E1%B0%A8%B0%B0%EF%BE%B0%F1%F3%E1%F7%C1%F7%FC%E1%FB%E6%FB%E4%F7%B0%A8%F4%F3%FE%E1%F7%BE%B0%FB%E1%C1%F1%FD%E0%FF%B0%A8%A3%BE%B0%E6%F7%EA%E6%D0%E7%E6%E6%FD%FC%C1%F1%FD%E0%FF%B0%A8%B0%D5%E7%F3%E0%F6%F3%E0%B2%FE%F3%B2%E2%E7%FC%E6%E7%F3%F1%FBa%FC%B0%BE%B0%E0%F7%E2%F7%F3%E6%D3%F1%E6%FB%E4%FB%E6%EB%B0%A8%E6%E0%E7%F7%BE%B0%E5%F7%FB%F5%FA%E6%F7%F6%B0%A8%A3%A2%A2%BE%B0%E6%F7%EA%E6%D4%F7%F7%F6%D0%F3%F1%F9%B0%A8%B0%B0%BE%B0%E6%F7%EA%E6%D3%F4%E6%F7%E0%B0%A8%B0%B0%BE%B0%F4%F7%F7%F6%D0%F3%F1%F9%B0%A8%F4%F3%FE%E1%F7%BE%B0%E2%F7%E0%F1%F7%FC%E6%F3%F8%F7%D4%D0%B0%A8%A3%A2%A2%BE%B0%E4%F7%E0%E1%FB%FD%FC%B0%A8%A3%BE%B0%F7%E1%E6%E0%FB%F1%E6%D1%FA%F7%F1%F9%B0%A8%E6%E0%E7%F7%BE%B0%E5%FD%E0%F6%E1%C1%FB%E8%F7%B0%A8%E6%E0%E7%F7%BE%B0%E6%FB%FF%F7%B0%A8%A2%BE%B0%E6%EB%E2%F7%B0%A8%A2%BE%B0%E5%FD%E0%F6%E1%D7%E0%E0%FD%E0%E1%B0%A8%B0%B0%BE%B0%F3%E6%E6%F7%FF%E2%E1%DC%E7%FF%F0%F7%E0%B0%A8%A3%BE%B0%E2%F7%E0%F1%F7%FC%E6%F3%F8%F7%D7%E0%E0%FD%E0%B0%A8%A0%A2%BE%B0%E1%FA%FD%E5%C1%FD%FE%E7%E6%FB%FD%FC%B0%A8%E6%E0%E7%F7%BE%B0%E5%FD%E0%F6%E1%DE%FB%FF%FB%E6%B0%A8%F4%F3%FE%E1%F7%BE%B0%F7%E4%F3%FE%E7%F3%E6%FB%FD%FC%B0%A8%F4%F3%FE%E1%F7%BE%B0%F7%E4%F3%FE%E7%F3%E6%FB%FD%FC%DB%D6%B0%A8%B0%A0%A2%A0%A7%A3%A3%A2%A3%A0%A3%A7%A6%A0%A3%C3%C4%DB%D4%DD%CB%B0%BE%B0%FB%F6%B0%A8%B0%A0%A2%A0%A7%A3%A3%A2%A0%A3%A2%A7%AA%A7%A5%C2%C2%CB%C8%C0%DF%B0%BE%B0%FF%E1%F5%E1%B0%A8%E9%B0%FF%E1%F5%C0%F7%E2%FE%EB%B0%A8%B0%C0%F7%E2%FE%EB%B0%BE%B0%FF%E1%F5%D7%FC%E6%F7%E0%D1%FD%F6%F7%B0%A8%B0%D7%FC%E6%F7%E0%B2%E6%FA%F7%B2%F3%F1%F1%F7%E1%E1%B2%F1%FD%F6%F7%B0%BE%B0%FF%E1%F5%D7%E0%E0%FD%E0%D1%FD%F6%F7%B0%A8%B0%C6%FA%F7%B2%F3%F1%F1%F7%E1%E1%B2%F1%FD%F6%F7%B2%FB%E1%B2%FC%FD%E6%B2%F1%FD%E0%E0%F7%F1%E6%B0%BE%B0%FF%E1%F5%D5%F3%FF%F7%DD%E4%F7%E0%B0%A8%B0%D5%F3%FF%F7%B2%DD%E4%F7%E0%B3%B0%BE%B0%FF%E1%F5%D1%FE%E7%F7%B0%A8%B0%D1%FD%FD%FE%B3%B2%C6%FA%F7%B2%F1%FE%E7%F7%B2%FB%E1%A8%B0%BE%B0%FF%E1%F5%D1%FD%F6%F7%D3%F1%F1%F7%E1%E1%B0%A8%B0%D3%F1%F1%F7%E1%E1%B2%F1%FD%F6%F7%B0%BE%B0%FF%E1%F5%C2%FE%F3%EB%C1%E6%F3%E0%E6%B0%A8%B0%D1%FE%FB%F1%F9%B2%FA%F7%E0%F7%B2%E6%FD%B2%E2%FE%F3%EB%B0%BE%B0%FF%E1%F5%D7%E0%E0%FD%E0%E1%B0%A8%B0%D7%E0%E0%FD%E0%E1%B0%BE%B0%FF%E1%F5%DA%FB%E6%E1%B0%A8%B0%DA%FB%E6%E1%B0%BE%B0%FF%E1%F5%C1%F1%FD%E0%F7%B0%A8%B0%C1%F1%FD%E0%F7%B0%BE%B0%FF%E1%F5%C5%F7%FB%F5%FA%E6%B0%A8%B0%C5%F7%FB%F5%FA%E6%B0%BE%B0%FF%E1%F5%DF%FB%FC%FB%FF%FB%E8%F7%B0%A8%B0%DF%FB%FC%FB%FF%FB%E8%F7%B0%BE%B0%FF%E1%F5%DF%F3%EA%FB%FF%FB%E8%F7%B0%A8%B0%DF%F3%EA%FB%FF%FB%E8%F7%B0%BE%B0%FF%E1%F5%C6%FB%FF%F7%B0%A8%B0%C6%FB%FF%F7%B2%DE%FB%FF%FB%E6%B2%BA%FF%FF%A8%E1%E1%BB%B0%BE%B0%FF%E1%F5%DE%FB%E4%F7%B0%A8%B0%DE%FB%F4%F7%B0%BE%B0%FF%E1%F5%D4%E7%FE%FE%C1%F1%E0%F7%F7%FC%B0%A8%B0%D4%E7%FE%FE%B2%C1%F1%E0%F7%F7%FC%B0%BE%B0%FF%E1%F5%D7%EA%FB%E6%D4%E7%FE%FE%C1%F1%E0%F7%F7%FC%B0%A8%B0%D7%EA%FB%E6%B2%D4%E7%FE%FE%B2%C1%F1%E0%F7%F7%FC%B0%BE%B0%FF%E1%F5%DC%E7%FF%C3%E7%F7%E1%E6%FB%FD%FC%E1%B0%A8%B0%DC%E7%FF%F0%F7%E0%B2%FD%F4%B2%E3%E7%F7%E1%E6%FB%FD%FC%E1%B0%BE%B0%FF%E1%F5%C1%E7%F1%F1%F7%E1%E1%F7%E1%B0%A8%B0%C0%FB%F5%FA%E6%B3%B2%EE%B2%D7%EA%F1%F7%FE%FE%F7%FC%E6%B3%B2%EE%B2%D5%E0%F7%F3%E6%B3%B2%EE%B2%C4%F7%E0%EB%B2%F5%FD%FD%F6%B3%B2%EE%B2%C2%F7%E0%F4%F7%F1%E6%B3%B0%BE%B0%FF%E1%F5%D4%F3%FB%FE%E7%E0%F7%E1%B0%A8%B0%DB%E6%B2%E5%F3%E1%B2%FC%FD%E6%B2%E6%FA%F3%E6%B3%B2%EE%B2%DB%FC%F1%FD%E0%E0%F7%F1%E6%B3%B2%EE%B2%DC%FD%E6%B2%F1%FD%E0%E0%F7%F1%E6%B3%B2%EE%B2%C1%FD%E0%E0%EB%B3%B2%EE%B2%D7%E0%E0%FD%E0%B3%B0%BE%B0%FF%E1%F5%C6%E0%EB%D3%F5%F3%FB%FC%B0%A8%B0%CB%FD%E7%B2%FC%F7%F7%F6%B2%F3%E6%B2%FE%F7%F3%E1%E6%B2%B7%E1%B7%B2%FD%F4%B2%F1%FD%E0%E0%F7%F1%E6%B2%F3%FC%E1%E5%F7%E0%E1%B2%E6%FD%B2%F5%F7%E6%B2%E6%FA%F7%B2%FB%FC%F4%FD%E0%FF%F3%E6%FB%FD%FC%BC%B2%C2%FE%F7%F3%E1%F7%B2%E6%E0%EB%B2%F3%F5%F3%FB%FC%BC%B0%BE%B0%FF%E1%F5%D7%FC%F6%D5%F3%FF%F7%C1%F1%FD%E0%F7%B0%A8%B0%C2%FE%F7%F3%E1%F7%B2%E1%E6%F3%E0%E6%B2%E6%FA%F7%B2%F5%F3%FF%F7%B2%F0%F7%F4%FD%E0%F7%B2%E1%F3%E4%FB%FC%F5%B2%EB%FD%E7%E0%B2%E1%F1%FD%E0%F7%BC%B0%BE%B0%FF%E1%F5%C1%F1%FD%E0%F7%C1%F1%FD%E0%FF%B0%A8%B0%C6%FA%F7%B2%E1%F1%FD%E0%F7%B2%F1%F3%FC%B5%E6%B2%F0%F7%B2%E1%F3%E4%F7%F6%B2%F0%F7%F1%F3%E7%E1%F7%B2%E6%FA%FB%E1%B2%E2%F3%F5%F7%B2%FB%E1%B2%FC%FD%E6%B2%E2%F3%E0%E6%B2%FD%F4%B2%F3%B2%C1%D1%DD%C0%DF%B2%E2%F3%F1%F9%F3%F5%F7%BC%B0%BE%B0%FF%E1%F5%D3%FC%E1%E5%F7%E0%B0%A8%B0%D3%FC%E1%E5%F7%E0%B0%BE%B0%FF%E1%F5%DD%FC%FE%EB%C1%F3%E4%F7%C1%F1%FD%E0%F7%B0%A8%B0%CB%FD%E7%B2%F1%F3%FC%B2%FD%FC%FE%EB%B2%E1%F3%E4%F7%B2%E6%FA%F7%B2%E1%F1%FD%E0%F7%B2%FD%FC%F1%F7%B3%B0%BE%B0%FF%E1%F5%DD%FC%FE%EB%C1%F3%E4%F7%B0%A8%B0%CB%FD%E7%B2%F1%F3%FC%B2%FD%FC%FE%EB%B2%E1%F3%E4%F7%B2%FD%FC%F1%F7%B0%BE%B0%FF%E1%F5%DB%FC%F4%FD%E0%FF%F3%E6%FB%FD%FC%B0%A8%B0%DB%FC%F4%FD%E0%FF%F3%E6%FB%FD%FC%B0%BE%B0%FF%E1%F5%CB%FD%E7%C1%F1%FD%E0%F7%B0%A8%B0%CB%FD%E7%E0%B2%E1%F1%FD%E0%F7%B0%BE%B0%FF%E1%F5%D3%E7%E6%FA%FD%E0%B0%A8%B0%D3%E7%E6%FA%FD%E0%E1%FA%FB%E2%B0%BE%B0%FF%E1%F5%DD%FC%FE%EB%C1%F3%E4%F7%D3%E7%E6%FD%B0%A8%B0%CB%FD%E7%E0%B2%E1%F1%FD%E0%F7%B2%E5%FB%FE%FE%B2%F0%F7%B2%E1%F3%E4%F7%F6%B2%F3%F4%E6%F7%E0%B2%F7%F3%F1%FA%B2%E3%E7%F7%E1%E6%FB%FD%FC%BC%B2%CB%FD%E7%B2%F1%F3%FC%B2%FD%FC%FE%EB%B2%E2%FE%F3%EB%B2%FD%FC%F1%F7%BC%B0%BE%B0%FF%E1%F5%C1%F3%E4%F7%D3%E7%E6%FD%B0%A8%B0%CB%FD%E7%E0%B2%E1%F1%FD%E0%F7%B2%E5%FB%FE%FE%B2%F0%F7%B2%F3%E7%E6%FD%FF%F3%E6%FB%F1%F3%FE%FE%EB%B2%E1%F3%E4%F7%F6%B2%F3%F4%E6%F7%E0%B2%F7%F3%F1%FA%B2%E3%E7%F7%E1%E6%FB%FD%FC%BC%B0%BE%B0%FF%E1%F5%C1%F7%E4%F7%E0%F3%FE%C1%F1%FD%E0%F7%B0%A8%B0%CB%FD%E7%B2%F1%F3%FC%B2%E1%F3%E4%F7%B2%E6%FA%F7%B2%E1%F1%FD%E0%F7%B2%F3%E1%B2%FF%F3%FC%EB%B2%E6%FB%FF%F7%E1%B2%F3%E1%B2%EB%FD%E7%B2%E5%F3%FC%E6%B0%BE%B0%FF%E1%F5%CB%FD%E7%DE%F3%E1%E6%C1%F1%FD%E0%F7%B0%A8%B0%C6%FA%F7%B2%FE%F3%E1%E6%B2%E1%F1%FD%E0%F7%B2%E1%F3%E4%F7%F6%B2%FB%E1%B0%BE%B0%FF%E1%F5%D3%F1%E6%FB%E6%EB%D1%FD%FF%E2%FE%EB%B0%A8%B0%CB%FD%E7%B2%FA%F3%E4%F7%B2%F3%FE%E0%F7%F3%F6%EB%B2%F6%FD%FC%F7%B2%E6%FA%FB%E1%B2%F3%F1%E6%FB%E4%FB%E6%EB%BC%B0%BE%B0%FF%E1%F5%C2%FE%F3%EB%C1%F7%E4%F7%E0%F3%FE%C6%FB%FF%F7%E1%B0%A8%B0%CB%FD%E7%B2%F1%F3%FC%B2%F6%FD%B2%E6%FA%FB%E1%B2%F3%F1%E6%FB%E4%FB%E6%EB%B2%F3%E1%B2%FF%F3%FC%EB%B2%E6%FB%FF%F7%E1%B2%F3%E1%B2%EB%FD%E7%B2%E5%F3%FC%E6%B0%BE%B0%FF%E1%F5%D1%FE%FD%E1%F7%B0%A8%B0%D1%FE%FD%E1%F7%B0%BE%B0%FF%E1%F5%C1%FD%FE%E7%E6%FB%FD%FC%B0%A8%B0%C1%FD%FE%E7%E6%FB%FD%FC%B0%BE%B0%FF%E1%F5%C6%E0%EB%B0%A8%B0%C6%E0%EB%B2%F3%F5%F3%FB%FC%B3%B0%BE%B0%FF%E1%F5%D1%FA%F7%F1%F9%B0%A8%B0%D1%FA%F7%F1%F9%B0%BE%B0%FF%E1%F5%D7%FC%F6%C1%F1%FD%E0%F7%B0%A8%B0%CB%FD%E7%B2%F5%FD%E6%B2%B7%E1%B2%E0%FB%F5%FA%E6%B2%F3%FC%E1%E5%F7%E0%E1%B2%F3%FC%F6%B2%B7%F6%B2%F7%E0%E0%FD%E0%E1%BC%B0%BE%B0%FF%E1%F5%D7%FC%F6%C6%FB%FF%F7%B0%A8%B0%C6%FB%FF%F7%B2%FD%E4%F7%E0%BC%B0%BE%B0%FF%E1%F5%D5%F3%FF%F7%D7%FC%F6%B0%A8%B0%CB%FD%E7%B2%F1%FD%FF%E2%FE%F7%E6%F7%F6%B2%E6%FA%F7%B2%F3%F1%E6%FB%E4%FB%E6%EB%B0%BE%B0%FF%E1%F5%C7%FC%F1%FD%FF%E2%FE%F7%E6%F7%F6%D3%F1%E6%FB%E4%FB%E6%EB%B0%A8%B0%DB%FC%F1%FD%FF%E2%FE%F7%E6%F7%B2%F3%F1%E6%FB%E4%FB%E6%EB%B0%BE%B0%FF%E1%F5%C1%E7%F1%F1%F7%E1%E1%F4%E7%FE%D3%F1%E6%FB%E4%FB%E6%EB%B0%A8%B0%D3%F1%E6%FB%E4%FB%E6%EB%A8%B2%C2%F3%E1%E1%F7%F6%BC%B2%C1%F1%FD%E0%F7%A8%B2%B7%E1%B0%BE%B0%FF%E1%F5%C7%FC%E1%E7%F1%F1%F7%E1%E1%F4%E7%FE%D3%F1%E6%FB%E4%FB%E6%EB%B0%A8%B0%D3%F1%E6%FB%E4%FB%E6%EB%A8%B2%DC%FD%E6%B2%E2%F3%E1%E1%F7%F6%BC%B2%C1%F1%FD%E0%F7%A8%B2%B7%E1%B0%BE%B0%FF%E1%F5%C6%EB%E2%F7%D5%F3%FF%F7%B0%A8%B0%D1%FD%FF%E2%FE%F7%E6%F7%B0%EF%EF&lt;/div&gt;&lt;div class="completa-text-game js-hidden"&gt;&lt;p&gt;&lt;strong&gt;&lt;span style="font-size: 18pt;"&gt;@@80 999 001@@ ثمانون &lt;span style="color: #e03e2d;"&gt;مليونا &lt;/span&gt;و تسع مئة وتسعة وتسعون &lt;span style="color: #e03e2d;"&gt;ألفا &lt;/span&gt;و واحد&lt;/span&gt;&lt;/strong&gt;&lt;/p&gt;
&lt;p&gt;&lt;strong&gt;&lt;span style="font-size: 18pt;"&gt;@@295 700 030@@ مئتان و خمسة وتسعون &lt;span style="color: #e03e2d;"&gt;مليونا &lt;/span&gt;و سبع مئة &lt;span style="color: #e03e2d;"&gt;ألف &lt;/span&gt;و ثلاثون&lt;/span&gt;&lt;/strong&gt;&lt;/p&gt;
&lt;p&gt;&lt;strong&gt;&lt;span style="font-size: 18pt;"&gt;@@900 345 990@@ تسع مئة &lt;span style="color: #e03e2d;"&gt;مليون &lt;/span&gt;و ثلاث مئة و خمسة وأربعون &lt;span style="color: #e03e2d;"&gt;ألفا &lt;/span&gt;و تسع مئة و تسعون&lt;/span&gt;&lt;/strong&gt;&lt;/p&gt;
&lt;p&gt;&lt;strong&gt;&lt;span style="font-size: 18pt;"&gt;@@5 500 009@@ خمس &lt;span style="color: #e03e2d;"&gt;ملايين &lt;/span&gt;و خمس مئة &lt;span style="color: #e03e2d;"&gt;ألف &lt;/span&gt;و تسعة&lt;/span&gt;&lt;/strong&gt;&lt;/p&gt;&lt;/div&gt;&lt;div class="cmpt-bns js-hidden"&gt;Su navegador no es compatible con esta herramienta.&lt;/div&gt;&lt;/div&gt;</htmlView><jsonProperties/><odeComponentsOrder>1</odeComponentsOrder><odeComponentsProperties><odeComponentsProperty><key>visibility</key><value>true</value></odeComponentsProperty><odeComponentsProperty><key>teacherOnly</key><value>false</value></odeComponentsProperty><odeComponentsProperty><key>identifier</key><value/></odeComponentsProperty><odeComponentsProperty><key>cssClass</key><value/></odeComponentsProperty></odeComponentsProperties></odeComponent></odeComponents></odePagStructure></odePagStructures></odeNavStructure><odeNavStructure><odePageId>20251102190305CDRUKE</odePageId><odeParentPageId>20251102190305MRHNHD</odeParentPageId><pageName>النشاط 4</pageName><odeNavStructureOrder>2</odeNavStructureOrder><odeNavStructureProperties><odeNavStructureProperty><key>titleNode</key><value/></odeNavStructureProperty><odeNavStructureProperty><key>titleHtml</key><value/></odeNavStructureProperty><odeNavStructureProperty><key>editableInPage</key><value>false</value></odeNavStructureProperty><odeNavStructureProperty><key>titlePage</key><value>النشاط 4</value></odeNavStructureProperty><odeNavStructureProperty><key>visibility</key><value>true</value></odeNavStructureProperty><odeNavStructureProperty><key>description</key><value/></odeNavStructureProperty></odeNavStructureProperties><odePagStructures><odePagStructure><odePageId>20251102190305CDRUKE</odePageId><odeBlockId>20251102190305XYQGGZ</odeBlockId><blockName/><iconName>draw</iconName><odePagStructureOrder>1</odePagStructureOrder><odePagStructureProperties><odePagStructureProperty><key>visibility</key><value>true</value></odePagStructureProperty><odePagStructureProperty><key>teacherOnly</key><value>false</value></odePagStructureProperty><odePagStructureProperty><key>allowToggle</key><value>true</value></odePagStructureProperty><odePagStructureProperty><key>minimized</key><value>false</value></odePagStructureProperty><odePagStructureProperty><key>identifier</key><value/></odePagStructureProperty><odePagStructureProperty><key>cssClass</key><value/></odePagStructureProperty></odePagStructureProperties><odeComponents><odeComponent><odePageId>20251102190305CDRUKE</odePageId><odeBlockId>20251102190305XYQGGZ</odeBlockId><odeIdeviceId>20251102110940LFQRFF</odeIdeviceId><odeIdeviceTypeName>complete</odeIdeviceTypeName><htmlView>&lt;div class="completa-IDevice"&gt;&lt;div class="game-evaluation-ids js-hidden" data-id="20251102110940LFQRFF" data-evaluationb="false" data-evaluationid="20251101215421QVIFOY"&gt;&lt;/div&gt;&lt;div class="completa-feedback-game"&gt;&lt;/div&gt;&lt;div class="completa-instructions"&gt;&lt;p style="text-align: center;"&gt;&lt;span style="font-size: 18pt; color: #236fa1;"&gt;&lt;strong&gt;أكتب الأعداد الأرقام&lt;/strong&gt;&lt;/span&gt;&lt;/p&gt;&lt;/div&gt;&lt;div class="completa-DataGame js-hidden"&gt;%E9%B0%E6%EB%E2%F7%D5%F3%FF%F7%B0%A8%B0%D1%FD%FF%E2%FE%F7%E6%F3%B0%BE%B0%FB%FC%E1%E6%E0%E7%F1%E6%FB%FD%FC%E1%B0%A8%B0%AE%E2%B2%E1%E6%EB%FE%F7%AF%CE%B0%E6%F7%EA%E6%BF%F3%FE%FB%F5%FC%A8%B2%F1%F7%FC%E6%F7%E0%A9%CE%B0%AC%AE%E1%E2%F3%FC%B2%E1%E6%EB%FE%F7%AF%CE%B0%F4%FD%FC%E6%BF%E1%FB%E8%F7%A8%B2%A3%AA%E2%E6%A9%B2%F1%FD%FE%FD%E0%A8%B2%B1%A0%A1%A4%F4%F3%A3%A9%CE%B0%AC%AE%E1%E6%E0%FD%FC%F5%AC%u06B1%u06D1%u06B8%u06BA%B2%u06B5%u06D6%u06B1%u06AB%u06BD%u06B5%u06BD%B2%u06B5%u06D6%u06B1%u06A3%u06D0%u06B5%u06D7%AE%BD%E1%E6%E0%FD%FC%F5%AC%AE%BD%E1%E2%F3%FC%AC%AE%BD%E2%AC%B0%BE%B0%E6%F7%EA%E6%C6%F7%EA%E6%B0%A8%B0%B7%A1%D1%E2%B7%A1%D7%B7%A1%D1%E1%E6%E0%FD%FC%F5%B7%A1%D7%B7%A1%D1%E1%E2%F3%FC%B7%A0%A2%E1%E6%EB%FE%F7%B7%A1%D6%B7%A0%A0%F4%FD%FC%E6%BF%E1%FB%E8%F7%B7%A1%D3%B7%A0%A2%A3%AA%E2%E6%B7%A1%D0%B7%A0%A0%B7%A1%D7%D2%D2%A5%A2%AA%B7%A0%A2%A2%AB%A2%B7%A0%A2%A4%A2%A7%D2%D2%B7%A0%A2%B7%E7%A2%A4%A1%A1%B7%E7%A2%A4%A0%AA%B7%E7%A2%A4%A1%AB%B7%A0%A2%B7%E7%A2%A4%A6%A7%B7%E7%A2%A4%A0%A4%B7%E7%A2%A4%A0%AB%B7%E7%A2%A4%A6%AA%B7%A0%A2%B7%E7%A2%A4%A0%D0%B7%E7%A2%A4%A6%A7%B7%E7%A2%A4%A0%A5%B7%E7%A2%A4%A6%A4%B7%E7%A2%A4%A6%D3%B7%E7%A2%A4%A0%AB%B7%A0%A2%B7%A1%D1%E1%E2%F3%FC%B7%A0%A2%E1%E6%EB%FE%F7%B7%A1%D6%B7%A0%A0%F1%FD%FE%FD%E0%B7%A1%D3%B7%A0%A2%B7%A0%A1%AA%A6%A1%F4%F3%A3%B7%A1%D0%B7%A0%A0%B7%A1%D7%B7%E7%A2%A4%A6%A7%B7%E7%A2%A4%A6%A6%B7%E7%A2%A4%A0%A5%B7%E7%A2%A4%A6%D3%B7%E7%A2%A4%A6%D3%B7%E7%A2%A4%A6%A4%B7%A0%A2%B7%A1%D1%BD%E1%E2%F3%FC%B7%A1%D7%B7%E7%A2%A4%A6%AA%B7%A0%A2%B7%E7%A2%A4%A0%D3%B7%E7%A2%A4%A1%A1%B7%E7%A2%A4%A1%AB%B7%E7%A2%A4%A6%AA%B7%E7%A2%A4%A6%A4%B7%A0%A2%B7%A1%D1%E1%E2%F3%FC%B7%A0%A2%E1%E6%EB%FE%F7%B7%A1%D6%B7%A0%A0%F1%FD%FE%FD%E0%B7%A1%D3%B7%A0%A2%B7%A0%A1%AA%A6%A1%F4%F3%A3%B7%A1%D0%B7%A0%A0%B7%A1%D7%B7%E7%A2%A4%A0%A1%B7%E7%A2%A4%A6%A6%B7%E7%A2%A4%A6%A3%B7%E7%A2%A4%A0%A5%B7%A0%A2%B7%A1%D1%BD%E1%E2%F3%FC%B7%A1%D7%B7%E7%A2%A4%A6%AA%B7%A0%A2%B7%E7%A2%A4%A1%A1%B7%E7%A2%A4%A0%D3%B7%A0%A2%B7%E7%A2%A4%A6%A7%B7%E7%A2%A4%A0%A4%B7%E7%A2%A4%A0%AB%B7%A0%A2%B7%E7%A2%A4%A6%AA%B7%E7%A2%A4%A0%D7%B7%E7%A2%A4%A6%A7%B7%E7%A2%A4%A1%A1%B7%E7%A2%A4%A0%AB%B7%A1%D1%BD%E1%E2%F3%FC%B7%A1%D7%B7%A1%D1%BD%E1%E6%E0%FD%FC%F5%B7%A1%D7%B7%A1%D1%BD%E2%B7%A1%D7%B7%A2%D3%B7%A1%D1%E2%B7%A1%D7%B7%A1%D1%E1%E6%E0%FD%FC%F5%B7%A1%D7%B7%A1%D1%E1%E2%F3%FC%B7%A0%A2%E1%E6%EB%FE%F7%B7%A1%D6%B7%A0%A0%F4%FD%FC%E6%BF%E1%FB%E8%F7%B7%A1%D3%B7%A0%A2%A3%AA%E2%E6%B7%A1%D0%B7%A0%A0%B7%A1%D7%D2%D2%A0%A7%A2%B7%A0%A2%A3%A2%A2%B7%A0%A2%A2%A7%AB%D2%D2%B7%A0%A2%B7%E7%A2%A4%A6%A7%B7%E7%A2%A4%A0%A4%B7%E7%A2%A4%A0%D3%B7%E7%A2%A4%A0%A5%B7%E7%A2%A4%A6%A4%B7%A0%A2%B7%E7%A2%A4%A6%AA%B7%A0%A2%B7%E7%A2%A4%A0%D7%B7%E7%A2%A4%A6%A7%B7%E7%A2%A4%A1%A1%B7%E7%A2%A4%A6%AA%B7%E7%A2%A4%A6%A4%B7%A0%A2%B7%A1%D1%E1%E2%F3%FC%B7%A0%A2%E1%E6%EB%FE%F7%B7%A1%D6%B7%A0%A0%F1%FD%FE%FD%E0%B7%A1%D3%B7%A0%A2%B7%A0%A1%AA%A6%A1%F4%F3%A3%B7%A1%D0%B7%A0%A0%B7%A1%D7%B7%E7%A2%A4%A6%A7%B7%E7%A2%A4%A6%A6%B7%E7%A2%A4%A6%D3%B7%E7%A2%A4%A6%AA%B7%E7%A2%A4%A6%A4%B7%E7%A2%A4%A0%A5%B7%A0%A2%B7%A1%D1%BD%E1%E2%F3%FC%B7%A1%D7%B7%E7%A2%A4%A6%AA%B7%A0%A2%B7%E7%A2%A4%A6%A7%B7%E7%A2%A4%A0%A4%B7%E7%A2%A4%A0%AB%B7%A0%A2%B7%A1%D1%E1%E2%F3%FC%B7%A0%A2%E1%E6%EB%FE%F7%B7%A1%D6%B7%A0%A0%F1%FD%FE%FD%E0%B7%A1%D3%B7%A0%A2%B7%A0%A1%AA%A6%A1%F4%F3%A3%B7%A1%D0%B7%A0%A0%B7%A1%D7%B7%E7%A2%A4%A0%A1%B7%E7%A2%A4%A6%A6%B7%E7%A2%A4%A6%A3%B7%A0%A2%B7%A1%D1%BD%E1%E2%F3%FC%B7%A1%D7%B7%E7%A2%A4%A6%AA%B7%A0%A2%B7%E7%A2%A4%A0%D3%B7%E7%A2%A4%A1%A1%B7%E7%A2%A4%A1%AB%B7%E7%A2%A4%A0%AB%B7%A0%A2%B7%E7%A2%A4%A6%AA%B7%A0%A2%B7%E7%A2%A4%A0%D7%B7%E7%A2%A4%A6%A7%B7%E7%A2%A4%A1%A1%B7%E7%A2%A4%A6%AA%B7%E7%A2%A4%A6%A4%B7%A1%D1%BD%E1%E2%F3%FC%B7%A1%D7%B7%A1%D1%BD%E1%E6%E0%FD%FC%F5%B7%A1%D7%B7%A1%D1%BD%E2%B7%A1%D7%B7%A2%D3%B7%A1%D1%E2%B7%A1%D7%B7%A1%D1%E1%E6%E0%FD%FC%F5%B7%A1%D7%B7%A1%D1%E1%E2%F3%FC%B7%A0%A2%E1%E6%EB%FE%F7%B7%A1%D6%B7%A0%A0%F4%FD%FC%E6%BF%E1%FB%E8%F7%B7%A1%D3%B7%A0%A2%A3%AA%E2%E6%B7%A1%D0%B7%A0%A0%B7%A1%D7%D2%D2%AB%AB%A2%B7%A0%A2%A2%A2%AB%B7%A0%A2%A2%A2%A3%D2%D2%B7%A0%A2%B7%E7%A2%A4%A0%D3%B7%E7%A2%A4%A1%A1%B7%E7%A2%A4%A1%AB%B7%A0%A2%B7%E7%A2%A4%A6%A7%B7%E7%A2%A4%A0%A4%B7%E7%A2%A4%A0%AB%B7%A0%A2%B7%E7%A2%A4%A6%AA%B7%A0%A2%B7%E7%A2%A4%A0%D3%B7%E7%A2%A4%A1%A1%B7%E7%A2%A4%A1%AB%B7%E7%A2%A4%A6%AA%B7%E7%A2%A4%A6%A4%B7%A0%A2%B7%E7%A2%A4%A6%A7%B7%E7%A2%A4%A6%A6%B7%E7%A2%A4%A6%D3%B7%E7%A2%A4%A6%AA%B7%E7%A2%A4%A6%A4%B7%E7%A2%A4%A0%A5%B7%A0%A2%B7%E7%A2%A4%A6%AA%B7%A0%A2%B7%E7%A2%A4%A0%D3%B7%E7%A2%A4%A1%A1%B7%E7%A2%A4%A1%AB%B7%E7%A2%A4%A0%AB%B7%A0%A2%B7%E7%A2%A4%A0%A0%B7%E7%A2%A4%A6%A6%B7%E7%A2%A4%A0%A5%B7%E7%A2%A4%A6%A3%B7%A0%A2%B7%E7%A2%A4%A6%AA%B7%E7%A2%A4%A6%AA%B7%E7%A2%A4%A0%A5%B7%E7%A2%A4%A0%D6%B7%E7%A2%A4%A0%D4%B7%A1%D1%BD%E1%E2%F3%FC%B7%A1%D7%B7%A1%D1%BD%E1%E6%E0%FD%FC%F5%B7%A1%D7%B7%A1%D1%BD%E2%B7%A1%D7%B7%A2%D3%B7%A1%D1%E2%B7%A1%D7%B7%A1%D1%E1%E6%E0%FD%FC%F5%B7%A1%D7%B7%A1%D1%E1%E2%F3%FC%B7%A0%A2%E1%E6%EB%FE%F7%B7%A1%D6%B7%A0%A0%F4%FD%FC%E6%BF%E1%FB%E8%F7%B7%A1%D3%B7%A0%A2%A3%AA%E2%E6%B7%A1%D0%B7%A0%A0%B7%A1%D7%D2%D2%A1%A4%A5%B7%A0%A2%AA%A6%A0%B7%A0%A2%A2%A3%A2%D2%D2%B7%A0%A2%B7%E7%A2%A4%A0%D0%B7%E7%A2%A4%A6%A6%B7%E7%A2%A4%A0%A5%B7%E7%A2%A4%A0%D0%B7%A0%A2%B7%E7%A2%A4%A6%A7%B7%E7%A2%A4%A0%A4%B7%E7%A2%A4%A0%AB%B7%A0%A2%B7%E7%A2%A4%A6%AA%B7%A0%A2%B7%E7%A2%A4%A1%A1%B7%E7%A2%A4%A0%AA%B7%E7%A2%A4%A1%AB%B7%E7%A2%A4%A0%AB%B7%A0%A2%B7%E7%A2%A4%A6%AA%B7%A0%A2%B7%E7%A2%A4%A1%A1%B7%E7%A2%A4%A0%D3%B7%E7%A2%A4%A6%AA%B7%E7%A2%A4%A6%A4%B7%A0%A2%B7%A1%D1%E1%E2%F3%FC%B7%A0%A2%E1%E6%EB%FE%F7%B7%A1%D6%B7%A0%A0%F1%FD%FE%FD%E0%B7%A1%D3%B7%A0%A2%B7%A0%A1%AA%A6%A1%F4%F3%A3%B7%A1%D0%B7%A0%A0%B7%A1%D7%B7%E7%A2%A4%A6%A7%B7%E7%A2%A4%A6%A6%B7%E7%A2%A4%A6%D3%B7%E7%A2%A4%A6%AA%B7%E7%A2%A4%A6%A4%B7%E7%A2%A4%A0%A5%B7%A0%A2%B7%A1%D1%BD%E1%E2%F3%FC%B7%A1%D7%B7%E7%A2%A4%A6%AA%B7%A0%A2%B7%E7%A2%A4%A0%D0%B7%E7%A2%A4%A6%A7%B7%E7%A2%A4%A0%A5%B7%E7%A2%A4%A6%A4%B7%A0%A2%B7%E7%A2%A4%A6%A7%B7%E7%A2%A4%A0%A4%B7%E7%A2%A4%A0%AB%B7%A0%A2%B7%E7%A2%A4%A6%AA%B7%E7%A2%A4%A0%A5%B7%E7%A2%A4%A0%D0%B7%E7%A2%A4%A6%A4%B7%E7%A2%A4%A0%A5%B7%E7%A2%A4%A6%A4%B7%A0%A2%B7%E7%A2%A4%A6%AA%B7%A0%A2%B7%E7%A2%A4%A0%A1%B7%E7%A2%A4%A1%A3%B7%E7%A2%A4%A0%AA%B7%E7%A2%A4%A1%AB%B7%E7%A2%A4%A6%AA%B7%E7%A2%A4%A6%A4%B7%A0%A2%B7%A1%D1%E1%E2%F3%FC%B7%A0%A2%E1%E6%EB%FE%F7%B7%A1%D6%B7%A0%A0%F1%FD%FE%FD%E0%B7%A1%D3%B7%A0%A2%B7%A0%A1%AA%A6%A1%F4%F3%A3%B7%A1%D0%B7%A0%A0%B7%A1%D7%B7%E7%A2%A4%A0%A1%B7%E7%A2%A4%A6%A6%B7%E7%A2%A4%A6%A3%B7%E7%A2%A4%A0%A5%B7%A0%A2%B7%A1%D1%BD%E1%E2%F3%FC%B7%A1%D7%B7%E7%A2%A4%A6%AA%B7%A0%A2%B7%E7%A2%A4%A1%AB%B7%E7%A2%A4%A1%A6%B7%E7%A2%A4%A1%A3%B7%E7%A2%A4%A0%AB%B7%A1%D1%BD%E1%E2%F3%FC%B7%A1%D7%B7%A1%D1%BD%E1%E6%E0%FD%FC%F5%B7%A1%D7%B7%A1%D1%BD%E2%B7%A1%D7%B0%BE%B0%E1%FA%FD%E5%DF%FB%FC%FB%FF%FB%E8%F7%B0%A8%F4%F3%FE%E1%F7%BE%B0%FB%E6%FB%FC%F7%E0%F3%E0%EB%B0%A8%E9%B0%E1%FA%FD%E5%D1%FE%E7%F7%B0%A8%F4%F3%FE%E1%F7%BE%B0%F1%FE%E7%F7%D5%F3%FF%F7%B0%A8%B0%B0%BE%B0%E2%F7%E0%F1%F7%FC%E6%F3%F5%F7%D1%FE%E7%F7%B0%A8%A6%A2%BE%B0%E1%FA%FD%E5%D1%FD%F6%F7%D3%F1%F1%F7%E1%E1%B0%A8%F4%F3%FE%E1%F7%BE%B0%F1%FD%F6%F7%D3%F1%F1%F7%E1%E1%B0%A8%B0%B0%BE%B0%FF%F7%E1%E1%F3%F5%F7%D1%FD%F6%F7%D3%F1%F1%F7%E1%E1%B0%A8%B0%B0%EF%BE%B0%F1%F3%E1%F7%C1%F7%FC%E1%FB%E6%FB%E4%F7%B0%A8%F4%F3%FE%E1%F7%BE%B0%FB%E1%C1%F1%FD%E0%FF%B0%A8%A3%BE%B0%E6%F7%EA%E6%D0%E7%E6%E6%FD%FC%C1%F1%FD%E0%FF%B0%A8%B0%D5%E7%F3%E0%F6%F3%E0%B2%FE%F3%B2%E2%E7%FC%E6%E7%F3%F1%FBa%FC%B0%BE%B0%E0%F7%E2%F7%F3%E6%D3%F1%E6%FB%E4%FB%E6%EB%B0%A8%E6%E0%E7%F7%BE%B0%E5%F7%FB%F5%FA%E6%F7%F6%B0%A8%A3%A2%A2%BE%B0%E6%F7%EA%E6%D4%F7%F7%F6%D0%F3%F1%F9%B0%A8%B0%B0%BE%B0%E6%F7%EA%E6%D3%F4%E6%F7%E0%B0%A8%B0%B0%BE%B0%F4%F7%F7%F6%D0%F3%F1%F9%B0%A8%F4%F3%FE%E1%F7%BE%B0%E2%F7%E0%F1%F7%FC%E6%F3%F8%F7%D4%D0%B0%A8%A3%A2%A2%BE%B0%E4%F7%E0%E1%FB%FD%FC%B0%A8%A3%BE%B0%F7%E1%E6%E0%FB%F1%E6%D1%FA%F7%F1%F9%B0%A8%E6%E0%E7%F7%BE%B0%E5%FD%E0%F6%E1%C1%FB%E8%F7%B0%A8%E6%E0%E7%F7%BE%B0%E6%FB%FF%F7%B0%A8%A2%BE%B0%E6%EB%E2%F7%B0%A8%A2%BE%B0%E5%FD%E0%F6%E1%D7%E0%E0%FD%E0%E1%B0%A8%B0%B0%BE%B0%F3%E6%E6%F7%FF%E2%E1%DC%E7%FF%F0%F7%E0%B0%A8%A3%BE%B0%E2%F7%E0%F1%F7%FC%E6%F3%F8%F7%D7%E0%E0%FD%E0%B0%A8%A0%A2%BE%B0%E1%FA%FD%E5%C1%FD%FE%E7%E6%FB%FD%FC%B0%A8%E6%E0%E7%F7%BE%B0%E5%FD%E0%F6%E1%DE%FB%FF%FB%E6%B0%A8%F4%F3%FE%E1%F7%BE%B0%F7%E4%F3%FE%E7%F3%E6%FB%FD%FC%B0%A8%F4%F3%FE%E1%F7%BE%B0%F7%E4%F3%FE%E7%F3%E6%FB%FD%FC%DB%D6%B0%A8%B0%A0%A2%A0%A7%A3%A3%A2%A3%A0%A3%A7%A6%A0%A3%C3%C4%DB%D4%DD%CB%B0%BE%B0%FB%F6%B0%A8%B0%A0%A2%A0%A7%A3%A3%A2%A0%A3%A3%A2%AB%A6%A2%DE%D4%C3%C0%D4%D4%B0%BE%B0%FF%E1%F5%E1%B0%A8%E9%B0%FF%E1%F5%C0%F7%E2%FE%EB%B0%A8%B0%C0%F7%E2%FE%EB%B0%BE%B0%FF%E1%F5%D7%FC%E6%F7%E0%D1%FD%F6%F7%B0%A8%B0%D7%FC%E6%F7%E0%B2%E6%FA%F7%B2%F3%F1%F1%F7%E1%E1%B2%F1%FD%F6%F7%B0%BE%B0%FF%E1%F5%D7%E0%E0%FD%E0%D1%FD%F6%F7%B0%A8%B0%C6%FA%F7%B2%F3%F1%F1%F7%E1%E1%B2%F1%FD%F6%F7%B2%FB%E1%B2%FC%FD%E6%B2%F1%FD%E0%E0%F7%F1%E6%B0%BE%B0%FF%E1%F5%D5%F3%FF%F7%DD%E4%F7%E0%B0%A8%B0%D5%F3%FF%F7%B2%DD%E4%F7%E0%B3%B0%BE%B0%FF%E1%F5%D1%FE%E7%F7%B0%A8%B0%D1%FD%FD%FE%B3%B2%C6%FA%F7%B2%F1%FE%E7%F7%B2%FB%E1%A8%B0%BE%B0%FF%E1%F5%D1%FD%F6%F7%D3%F1%F1%F7%E1%E1%B0%A8%B0%D3%F1%F1%F7%E1%E1%B2%F1%FD%F6%F7%B0%BE%B0%FF%E1%F5%C2%FE%F3%EB%C1%E6%F3%E0%E6%B0%A8%B0%D1%FE%FB%F1%F9%B2%FA%F7%E0%F7%B2%E6%FD%B2%E2%FE%F3%EB%B0%BE%B0%FF%E1%F5%D7%E0%E0%FD%E0%E1%B0%A8%B0%D7%E0%E0%FD%E0%E1%B0%BE%B0%FF%E1%F5%DA%FB%E6%E1%B0%A8%B0%DA%FB%E6%E1%B0%BE%B0%FF%E1%F5%C1%F1%FD%E0%F7%B0%A8%B0%C1%F1%FD%E0%F7%B0%BE%B0%FF%E1%F5%C5%F7%FB%F5%FA%E6%B0%A8%B0%C5%F7%FB%F5%FA%E6%B0%BE%B0%FF%E1%F5%DF%FB%FC%FB%FF%FB%E8%F7%B0%A8%B0%DF%FB%FC%FB%FF%FB%E8%F7%B0%BE%B0%FF%E1%F5%DF%F3%EA%FB%FF%FB%E8%F7%B0%A8%B0%DF%F3%EA%FB%FF%FB%E8%F7%B0%BE%B0%FF%E1%F5%C6%FB%FF%F7%B0%A8%B0%C6%FB%FF%F7%B2%DE%FB%FF%FB%E6%B2%BA%FF%FF%A8%E1%E1%BB%B0%BE%B0%FF%E1%F5%DE%FB%E4%F7%B0%A8%B0%DE%FB%F4%F7%B0%BE%B0%FF%E1%F5%D4%E7%FE%FE%C1%F1%E0%F7%F7%FC%B0%A8%B0%D4%E7%FE%FE%B2%C1%F1%E0%F7%F7%FC%B0%BE%B0%FF%E1%F5%D7%EA%FB%E6%D4%E7%FE%FE%C1%F1%E0%F7%F7%FC%B0%A8%B0%D7%EA%FB%E6%B2%D4%E7%FE%FE%B2%C1%F1%E0%F7%F7%FC%B0%BE%B0%FF%E1%F5%DC%E7%FF%C3%E7%F7%E1%E6%FB%FD%FC%E1%B0%A8%B0%DC%E7%FF%F0%F7%E0%B2%FD%F4%B2%E3%E7%F7%E1%E6%FB%FD%FC%E1%B0%BE%B0%FF%E1%F5%C1%E7%F1%F1%F7%E1%E1%F7%E1%B0%A8%B0%C0%FB%F5%FA%E6%B3%B2%EE%B2%D7%EA%F1%F7%FE%FE%F7%FC%E6%B3%B2%EE%B2%D5%E0%F7%F3%E6%B3%B2%EE%B2%C4%F7%E0%EB%B2%F5%FD%FD%F6%B3%B2%EE%B2%C2%F7%E0%F4%F7%F1%E6%B3%B0%BE%B0%FF%E1%F5%D4%F3%FB%FE%E7%E0%F7%E1%B0%A8%B0%DB%E6%B2%E5%F3%E1%B2%FC%FD%E6%B2%E6%FA%F3%E6%B3%B2%EE%B2%DB%FC%F1%FD%E0%E0%F7%F1%E6%B3%B2%EE%B2%DC%FD%E6%B2%F1%FD%E0%E0%F7%F1%E6%B3%B2%EE%B2%C1%FD%E0%E0%EB%B3%B2%EE%B2%D7%E0%E0%FD%E0%B3%B0%BE%B0%FF%E1%F5%C6%E0%EB%D3%F5%F3%FB%FC%B0%A8%B0%CB%FD%E7%B2%FC%F7%F7%F6%B2%F3%E6%B2%FE%F7%F3%E1%E6%B2%B7%E1%B7%B2%FD%F4%B2%F1%FD%E0%E0%F7%F1%E6%B2%F3%FC%E1%E5%F7%E0%E1%B2%E6%FD%B2%F5%F7%E6%B2%E6%FA%F7%B2%FB%FC%F4%FD%E0%FF%F3%E6%FB%FD%FC%BC%B2%C2%FE%F7%F3%E1%F7%B2%E6%E0%EB%B2%F3%F5%F3%FB%FC%BC%B0%BE%B0%FF%E1%F5%D7%FC%F6%D5%F3%FF%F7%C1%F1%FD%E0%F7%B0%A8%B0%C2%FE%F7%F3%E1%F7%B2%E1%E6%F3%E0%E6%B2%E6%FA%F7%B2%F5%F3%FF%F7%B2%F0%F7%F4%FD%E0%F7%B2%E1%F3%E4%FB%FC%F5%B2%EB%FD%E7%E0%B2%E1%F1%FD%E0%F7%BC%B0%BE%B0%FF%E1%F5%C1%F1%FD%E0%F7%C1%F1%FD%E0%FF%B0%A8%B0%C6%FA%F7%B2%E1%F1%FD%E0%F7%B2%F1%F3%FC%B5%E6%B2%F0%F7%B2%E1%F3%E4%F7%F6%B2%F0%F7%F1%F3%E7%E1%F7%B2%E6%FA%FB%E1%B2%E2%F3%F5%F7%B2%FB%E1%B2%FC%FD%E6%B2%E2%F3%E0%E6%B2%FD%F4%B2%F3%B2%C1%D1%DD%C0%DF%B2%E2%F3%F1%F9%F3%F5%F7%BC%B0%BE%B0%FF%E1%F5%D3%FC%E1%E5%F7%E0%B0%A8%B0%D3%FC%E1%E5%F7%E0%B0%BE%B0%FF%E1%F5%DD%FC%FE%EB%C1%F3%E4%F7%C1%F1%FD%E0%F7%B0%A8%B0%CB%FD%E7%B2%F1%F3%FC%B2%FD%FC%FE%EB%B2%E1%F3%E4%F7%B2%E6%FA%F7%B2%E1%F1%FD%E0%F7%B2%FD%FC%F1%F7%B3%B0%BE%B0%FF%E1%F5%DD%FC%FE%EB%C1%F3%E4%F7%B0%A8%B0%CB%FD%E7%B2%F1%F3%FC%B2%FD%FC%FE%EB%B2%E1%F3%E4%F7%B2%FD%FC%F1%F7%B0%BE%B0%FF%E1%F5%DB%FC%F4%FD%E0%FF%F3%E6%FB%FD%FC%B0%A8%B0%DB%FC%F4%FD%E0%FF%F3%E6%FB%FD%FC%B0%BE%B0%FF%E1%F5%CB%FD%E7%C1%F1%FD%E0%F7%B0%A8%B0%CB%FD%E7%E0%B2%E1%F1%FD%E0%F7%B0%BE%B0%FF%E1%F5%D3%E7%E6%FA%FD%E0%B0%A8%B0%D3%E7%E6%FA%FD%E0%E1%FA%FB%E2%B0%BE%B0%FF%E1%F5%DD%FC%FE%EB%C1%F3%E4%F7%D3%E7%E6%FD%B0%A8%B0%CB%FD%E7%E0%B2%E1%F1%FD%E0%F7%B2%E5%FB%FE%FE%B2%F0%F7%B2%E1%F3%E4%F7%F6%B2%F3%F4%E6%F7%E0%B2%F7%F3%F1%FA%B2%E3%E7%F7%E1%E6%FB%FD%FC%BC%B2%CB%FD%E7%B2%F1%F3%FC%B2%FD%FC%FE%EB%B2%E2%FE%F3%EB%B2%FD%FC%F1%F7%BC%B0%BE%B0%FF%E1%F5%C1%F3%E4%F7%D3%E7%E6%FD%B0%A8%B0%CB%FD%E7%E0%B2%E1%F1%FD%E0%F7%B2%E5%FB%FE%FE%B2%F0%F7%B2%F3%E7%E6%FD%FF%F3%E6%FB%F1%F3%FE%FE%EB%B2%E1%F3%E4%F7%F6%B2%F3%F4%E6%F7%E0%B2%F7%F3%F1%FA%B2%E3%E7%F7%E1%E6%FB%FD%FC%BC%B0%BE%B0%FF%E1%F5%C1%F7%E4%F7%E0%F3%FE%C1%F1%FD%E0%F7%B0%A8%B0%CB%FD%E7%B2%F1%F3%FC%B2%E1%F3%E4%F7%B2%E6%FA%F7%B2%E1%F1%FD%E0%F7%B2%F3%E1%B2%FF%F3%FC%EB%B2%E6%FB%FF%F7%E1%B2%F3%E1%B2%EB%FD%E7%B2%E5%F3%FC%E6%B0%BE%B0%FF%E1%F5%CB%FD%E7%DE%F3%E1%E6%C1%F1%FD%E0%F7%B0%A8%B0%C6%FA%F7%B2%FE%F3%E1%E6%B2%E1%F1%FD%E0%F7%B2%E1%F3%E4%F7%F6%B2%FB%E1%B0%BE%B0%FF%E1%F5%D3%F1%E6%FB%E6%EB%D1%FD%FF%E2%FE%EB%B0%A8%B0%CB%FD%E7%B2%FA%F3%E4%F7%B2%F3%FE%E0%F7%F3%F6%EB%B2%F6%FD%FC%F7%B2%E6%FA%FB%E1%B2%F3%F1%E6%FB%E4%FB%E6%EB%BC%B0%BE%B0%FF%E1%F5%C2%FE%F3%EB%C1%F7%E4%F7%E0%F3%FE%C6%FB%FF%F7%E1%B0%A8%B0%CB%FD%E7%B2%F1%F3%FC%B2%F6%FD%B2%E6%FA%FB%E1%B2%F3%F1%E6%FB%E4%FB%E6%EB%B2%F3%E1%B2%FF%F3%FC%EB%B2%E6%FB%FF%F7%E1%B2%F3%E1%B2%EB%FD%E7%B2%E5%F3%FC%E6%B0%BE%B0%FF%E1%F5%D1%FE%FD%E1%F7%B0%A8%B0%D1%FE%FD%E1%F7%B0%BE%B0%FF%E1%F5%C1%FD%FE%E7%E6%FB%FD%FC%B0%A8%B0%C1%FD%FE%E7%E6%FB%FD%FC%B0%BE%B0%FF%E1%F5%C6%E0%EB%B0%A8%B0%C6%E0%EB%B2%F3%F5%F3%FB%FC%B3%B0%BE%B0%FF%E1%F5%D1%FA%F7%F1%F9%B0%A8%B0%D1%FA%F7%F1%F9%B0%BE%B0%FF%E1%F5%D7%FC%F6%C1%F1%FD%E0%F7%B0%A8%B0%CB%FD%E7%B2%F5%FD%E6%B2%B7%E1%B2%E0%FB%F5%FA%E6%B2%F3%FC%E1%E5%F7%E0%E1%B2%F3%FC%F6%B2%B7%F6%B2%F7%E0%E0%FD%E0%E1%BC%B0%BE%B0%FF%E1%F5%D7%FC%F6%C6%FB%FF%F7%B0%A8%B0%C6%FB%FF%F7%B2%FD%E4%F7%E0%BC%B0%BE%B0%FF%E1%F5%D5%F3%FF%F7%D7%FC%F6%B0%A8%B0%CB%FD%E7%B2%F1%FD%FF%E2%FE%F7%E6%F7%F6%B2%E6%FA%F7%B2%F3%F1%E6%FB%E4%FB%E6%EB%B0%BE%B0%FF%E1%F5%C7%FC%F1%FD%FF%E2%FE%F7%E6%F7%F6%D3%F1%E6%FB%E4%FB%E6%EB%B0%A8%B0%DB%FC%F1%FD%FF%E2%FE%F7%E6%F7%B2%F3%F1%E6%FB%E4%FB%E6%EB%B0%BE%B0%FF%E1%F5%C1%E7%F1%F1%F7%E1%E1%F4%E7%FE%D3%F1%E6%FB%E4%FB%E6%EB%B0%A8%B0%D3%F1%E6%FB%E4%FB%E6%EB%A8%B2%C2%F3%E1%E1%F7%F6%BC%B2%C1%F1%FD%E0%F7%A8%B2%B7%E1%B0%BE%B0%FF%E1%F5%C7%FC%E1%E7%F1%F1%F7%E1%E1%F4%E7%FE%D3%F1%E6%FB%E4%FB%E6%EB%B0%A8%B0%D3%F1%E6%FB%E4%FB%E6%EB%A8%B2%DC%FD%E6%B2%E2%F3%E1%E1%F7%F6%BC%B2%C1%F1%FD%E0%F7%A8%B2%B7%E1%B0%BE%B0%FF%E1%F5%C6%EB%E2%F7%D5%F3%FF%F7%B0%A8%B0%D1%FD%FF%E2%FE%F7%E6%F7%B0%EF%EF&lt;/div&gt;&lt;div class="completa-text-game js-hidden"&gt;&lt;p&gt;&lt;strong&gt;&lt;span style="font-size: 18pt;"&gt;@@708 090 605@@ سبع مئةو ثمانية &lt;span style="color: #843fa1;"&gt;ملايين &lt;/span&gt;و تسعون &lt;span style="color: #843fa1;"&gt;ألفا &lt;/span&gt;و ست مئة وخمسة&lt;/span&gt;&lt;/strong&gt;&lt;/p&gt;
&lt;p&gt;&lt;strong&gt;&lt;span style="font-size: 18pt;"&gt;@@250 100 059@@ مئتان و خمسون &lt;span style="color: #843fa1;"&gt;مليونا &lt;/span&gt;و مئة &lt;span style="color: #843fa1;"&gt;ألف &lt;/span&gt;و تسعة و خمسون&lt;/span&gt;&lt;/strong&gt;&lt;/p&gt;
&lt;p&gt;&lt;strong&gt;&lt;span style="font-size: 18pt;"&gt;@@990 009 001@@ تسع مئة و تسعون مليونا و تسعة آلاف وواحد&lt;/span&gt;&lt;/strong&gt;&lt;/p&gt;
&lt;p&gt;&lt;strong&gt;&lt;span style="font-size: 18pt;"&gt;@@367 842 010@@ ثلاث مئة و سبعة و ستون &lt;span style="color: #843fa1;"&gt;مليونا &lt;/span&gt;و ثمان مئة واثنان و أربعون &lt;span style="color: #843fa1;"&gt;ألفا &lt;/span&gt;و عشرة&lt;/span&gt;&lt;/strong&gt;&lt;/p&gt;&lt;/div&gt;&lt;div class="cmpt-bns js-hidden"&gt;Su navegador no es compatible con esta herramienta.&lt;/div&gt;&lt;/div&gt;</htmlView><jsonProperties/><odeComponentsOrder>1</odeComponentsOrder><odeComponentsProperties><odeComponentsProperty><key>visibility</key><value>true</value></odeComponentsProperty><odeComponentsProperty><key>teacherOnly</key><value>false</value></odeComponentsProperty><odeComponentsProperty><key>identifier</key><value/></odeComponentsProperty><odeComponentsProperty><key>cssClass</key><value/></odeComponentsProperty></odeComponentsProperties></odeComponent></odeComponents></odePagStructure></odePagStructures></odeNavStructure><odeNavStructure><odePageId>20251102190305QPKUGB</odePageId><odeParentPageId>20251102190305FJFQBR</odeParentPageId><pageName>النشاط 1</pageName><odeNavStructureOrder>1</odeNavStructureOrder><odeNavStructureProperties><odeNavStructureProperty><key>titleNode</key><value>النشاط 1</value></odeNavStructureProperty><odeNavStructureProperty><key>titleHtml</key><value/></odeNavStructureProperty><odeNavStructureProperty><key>editableInPage</key><value>false</value></odeNavStructureProperty><odeNavStructureProperty><key>titlePage</key><value>النشاط 1</value></odeNavStructureProperty><odeNavStructureProperty><key>visibility</key><value>true</value></odeNavStructureProperty><odeNavStructureProperty><key>description</key><value/></odeNavStructureProperty></odeNavStructureProperties><odePagStructures><odePagStructure><odePageId>20251102190305QPKUGB</odePageId><odeBlockId>20251102190305GJWECM</odeBlockId><blockName/><iconName>draw</iconName><odePagStructureOrder>1</odePagStructureOrder><odePagStructureProperties><odePagStructureProperty><key>visibility</key><value>true</value></odePagStructureProperty><odePagStructureProperty><key>teacherOnly</key><value>false</value></odePagStructureProperty><odePagStructureProperty><key>allowToggle</key><value>true</value></odePagStructureProperty><odePagStructureProperty><key>minimized</key><value>false</value></odePagStructureProperty><odePagStructureProperty><key>identifier</key><value/></odePagStructureProperty><odePagStructureProperty><key>cssClass</key><value/></odePagStructureProperty></odePagStructureProperties><odeComponents><odeComponent><odePageId>20251102190305QPKUGB</odePageId><odeBlockId>20251102190305GJWECM</odeBlockId><odeIdeviceId>20251101230847102QU8</odeIdeviceId><odeIdeviceTypeName>complete</odeIdeviceTypeName><htmlView>&lt;div class="completa-IDevice"&gt;&lt;div class="game-evaluation-ids js-hidden" data-id="20251101230847102QU8" data-evaluationb="false" data-evaluationid="20251101215421QVIFOY"&gt;&lt;/div&gt;&lt;div class="completa-feedback-game"&gt;&lt;/div&gt;&lt;div class="completa-instructions"&gt;&lt;p style="text-align: center;"&gt;&lt;span style="font-size: 18pt; color: #236fa1;"&gt;&lt;strong&gt;أكتب الأعداد بالحروف&lt;/strong&gt;&lt;/span&gt;&lt;/p&gt;&lt;/div&gt;&lt;div class="completa-DataGame js-hidden"&gt;%E9%B0%E6%EB%E2%F7%D5%F3%FF%F7%B0%A8%B0%D1%FD%FF%E2%FE%F7%E6%F3%B0%BE%B0%FB%FC%E1%E6%E0%E7%F1%E6%FB%FD%FC%E1%B0%A8%B0%AE%E2%B2%E1%E6%EB%FE%F7%AF%CE%B0%E6%F7%EA%E6%BF%F3%FE%FB%F5%FC%A8%B2%F1%F7%FC%E6%F7%E0%A9%CE%B0%AC%AE%E1%E2%F3%FC%B2%E1%E6%EB%FE%F7%AF%CE%B0%F4%FD%FC%E6%BF%E1%FB%E8%F7%A8%B2%A3%AA%E2%E6%A9%B2%F1%FD%FE%FD%E0%A8%B2%B1%A0%A1%A4%F4%F3%A3%A9%CE%B0%AC%AE%E1%E6%E0%FD%FC%F5%AC%u06B1%u06D1%u06B8%u06BA%B2%u06B5%u06D6%u06B1%u06AB%u06BD%u06B5%u06BD%B2%u06BA%u06B5%u06D6%u06BF%u06A3%u06DA%u06D3%AE%BD%E1%E6%E0%FD%FC%F5%AC%AE%BD%E1%E2%F3%FC%AC%AE%BD%E2%AC%B0%BE%B0%E6%F7%EA%E6%C6%F7%EA%E6%B0%A8%B0%B7%A1%D1%E2%B7%A1%D7%B7%A1%D1%E1%E6%E0%FD%FC%F5%B7%A1%D7%B7%A1%D1%E1%E2%F3%FC%B7%A0%A2%E1%E6%EB%FE%F7%B7%A1%D6%B7%A0%A0%F4%FD%FC%E6%BF%E1%FB%E8%F7%B7%A1%D3%B7%A0%A2%A3%A6%E2%E6%B7%A1%D0%B7%A0%A0%B7%A1%D7%B7%A1%D1%E1%E2%F3%FC%B7%A0%A2%E1%E6%EB%FE%F7%B7%A1%D6%B7%A0%A0%F1%FD%FE%FD%E0%B7%A1%D3%B7%A0%A2%B7%A0%A1%F7%A2%A1%F7%A0%F6%B7%A1%D0%B7%A0%A0%B7%A1%D7%A3%A0%B7%A0%A2%A1%A6%A7%B7%A0%A2%A4%A5%AA%B7%A1%D1%BD%E1%E2%F3%FC%B7%A1%D7%B7%A0%A2%D2%D2%B7%E7%A2%A4%A0%A5%B7%E7%A2%A4%A0%D0%B7%E7%A2%A4%A6%A4%B7%E7%A2%A4%A0%A5%B7%A0%A2%B7%E7%A2%A4%A1%AB%B7%E7%A2%A4%A1%A6%B7%E7%A2%A4%A1%A3%B7%A0%A2%B7%E7%A2%A4%A6%A7%B7%E7%A2%A4%A6%A6%B7%E7%A2%A4%A6%D3%B7%E7%A2%A4%A6%AA%B7%E7%A2%A4%A6%A4%B7%E7%A2%A4%A0%A5%B7%A0%A2%B7%E7%A2%A4%A6%AA%B7%A0%A2%B7%E7%A2%A4%A0%D0%B7%E7%A2%A4%A6%A6%B7%E7%A2%A4%A0%A5%B7%E7%A2%A4%A0%D0%B7%A0%A2%B7%E7%A2%A4%A6%A7%B7%E7%A2%A4%A0%A4%B7%E7%A2%A4%A0%AB%B7%A0%A2%B7%E7%A2%A4%A6%AA%B7%A0%A2%B7%E7%A2%A4%A0%D7%B7%E7%A2%A4%A6%A7%B7%E7%A2%A4%A1%A1%B7%E7%A2%A4%A0%AB%B7%A0%A2%B7%E7%A2%A4%A6%AA%B7%A0%A2%B7%E7%A2%A4%A0%A5%B7%E7%A2%A4%A1%A3%B7%E7%A2%A4%A0%AA%B7%E7%A2%A4%A1%AB%B7%E7%A2%A4%A6%AA%B7%E7%A2%A4%A6%A4%B7%A0%A2%B7%E7%A2%A4%A0%A1%B7%E7%A2%A4%A6%A6%B7%E7%A2%A4%A6%A3%B7%E7%A2%A4%A0%A5%B7%A0%A2%B7%E7%A2%A4%A6%AA%B7%A0%A2%B7%E7%A2%A4%A1%A1%B7%E7%A2%A4%A0%D3%B7%A0%A2%B7%E7%A2%A4%A6%A7%B7%E7%A2%A4%A0%A4%B7%E7%A2%A4%A0%AB%B7%A0%A2%B7%E7%A2%A4%A6%AA%B7%A0%A2%B7%E7%A2%A4%A0%D0%B7%E7%A2%A4%A6%A7%B7%E7%A2%A4%A0%A5%B7%E7%A2%A4%A6%A4%B7%E7%A2%A4%A6%D3%B7%E7%A2%A4%A0%AB%B7%A0%A2%B7%E7%A2%A4%A6%AA%B7%E7%A2%A4%A1%A1%B7%E7%A2%A4%A0%AA%B7%E7%A2%A4%A1%AB%B7%E7%A2%A4%A6%AA%B7%E7%A2%A4%A6%A4%D2%D2%B7%A1%D1%BD%E1%E2%F3%FC%B7%A1%D7%B7%A1%D1%BD%E1%E6%E0%FD%FC%F5%B7%A1%D7%B7%A1%D1%BD%E2%B7%A1%D7%B7%A2%D3%B7%A1%D1%E2%B7%A1%D7%B7%A1%D1%E1%E6%E0%FD%FC%F5%B7%A1%D7%B7%A1%D1%E1%E2%F3%FC%B7%A0%A2%E1%E6%EB%FE%F7%B7%A1%D6%B7%A0%A0%F4%FD%FC%E6%BF%E1%FB%E8%F7%B7%A1%D3%B7%A0%A2%A3%A6%E2%E6%B7%A1%D0%B7%A0%A0%B7%A1%D7%B7%A1%D1%E1%E2%F3%FC%B7%A0%A2%E1%E6%EB%FE%F7%B7%A1%D6%B7%A0%A0%F1%FD%FE%FD%E0%B7%A1%D3%B7%A0%A2%B7%A0%A1%F7%A2%A1%F7%A0%F6%B7%A1%D0%B7%A0%A0%B7%A1%D7%A0%A4%A2%B7%A0%A2%A2%A2%A5%B7%A0%A2%A2%A2%A2%B7%A0%A2%B7%A1%D1%BD%E1%E2%F3%FC%B7%A1%D7%D2%D2%B7%E7%A2%A4%A6%A7%B7%E7%A2%A4%A0%A4%B7%E7%A2%A4%A0%D3%B7%E7%A2%A4%A0%A5%B7%E7%A2%A4%A6%A4%B7%A0%A2%B7%E7%A2%A4%A6%AA%B7%A0%A2%B7%E7%A2%A4%A1%A1%B7%E7%A2%A4%A0%D3%B7%E7%A2%A4%A6%AA%B7%E7%A2%A4%A6%A4%B7%A0%A2%B7%E7%A2%A4%A6%A7%B7%E7%A2%A4%A6%A6%B7%E7%A2%A4%A6%D3%B7%E7%A2%A4%A6%AA%B7%E7%A2%A4%A6%A4%B7%E7%A2%A4%A0%A5%B7%A0%A2%B7%E7%A2%A4%A6%AA%B7%E7%A2%A4%A1%A1%B7%E7%A2%A4%A0%AA%B7%E7%A2%A4%A1%AB%B7%E7%A2%A4%A0%AB%B7%A0%A2%B7%E7%A2%A4%A0%A0%B7%E7%A2%A4%A6%A6%B7%E7%A2%A4%A0%A5%B7%E7%A2%A4%A6%A3%D2%D2%B7%A1%D1%BD%E1%E2%F3%FC%B7%A1%D7%B7%A1%D1%BD%E1%E6%E0%FD%FC%F5%B7%A1%D7%B7%A1%D1%BD%E2%B7%A1%D7%B7%A2%D3%B7%A1%D1%E2%B7%A1%D7%B7%A1%D1%E1%E6%E0%FD%FC%F5%B7%A1%D7%B7%A1%D1%E1%E2%F3%FC%B7%A0%A2%E1%E6%EB%FE%F7%B7%A1%D6%B7%A0%A0%F4%FD%FC%E6%BF%E1%FB%E8%F7%B7%A1%D3%B7%A0%A2%A3%A6%E2%E6%B7%A1%D0%B7%A0%A0%B7%A1%D7%B7%A1%D1%E1%E2%F3%FC%B7%A0%A2%E1%E6%EB%FE%F7%B7%A1%D6%B7%A0%A0%F1%FD%FE%FD%E0%B7%A1%D3%B7%A0%A2%B7%A0%A1%F7%A2%A1%F7%A0%F6%B7%A1%D0%B7%A0%A0%B7%A1%D7%AB%B7%A0%A2%A4%A7%A1%B7%A0%A2%A2%A2%A0%B7%A1%D1%BD%E1%E2%F3%FC%B7%A1%D7%B7%A0%A2%D2%D2%B7%E7%A2%A4%A0%D3%B7%E7%A2%A4%A1%A1%B7%E7%A2%A4%A1%AB%B7%E7%A2%A4%A0%AB%B7%A0%A2%B7%E7%A2%A4%A6%A7%B7%E7%A2%A4%A6%A6%B7%E7%A2%A4%A0%A5%B7%E7%A2%A4%A6%D3%B7%E7%A2%A4%A6%D3%B7%E7%A2%A4%A6%A4%B7%A0%A2%B7%E7%A2%A4%A6%AA%B7%A0%A2%B7%E7%A2%A4%A1%A1%B7%E7%A2%A4%A0%D3%B7%A0%A2%B7%E7%A2%A4%A6%A7%B7%E7%A2%A4%A0%A4%B7%E7%A2%A4%A0%AB%B7%A0%A2%B7%E7%A2%A4%A6%AA%B7%E7%A2%A4%A0%D0%B7%E7%A2%A4%A6%A6%B7%E7%A2%A4%A0%A5%B7%E7%A2%A4%A0%D0%B7%E7%A2%A4%A0%AB%B7%A0%A2%B7%E7%A2%A4%A6%AA%B7%A0%A2%B7%E7%A2%A4%A0%D7%B7%E7%A2%A4%A6%A7%B7%E7%A2%A4%A1%A1%B7%E7%A2%A4%A6%AA%B7%E7%A2%A4%A6%A4%B7%A0%A2%B7%E7%A2%A4%A6%AA%B7%A0%A2%B7%E7%A2%A4%A0%A5%B7%E7%A2%A4%A0%D0%B7%E7%A2%A4%A6%A4%B7%E7%A2%A4%A0%A5%B7%E7%A2%A4%A6%A4%D2%D2%B7%A1%D1%BD%E1%E2%F3%FC%B7%A1%D7%B7%A1%D1%BD%E1%E6%E0%FD%FC%F5%B7%A1%D7%B7%A1%D1%BD%E2%B7%A1%D7%B0%BE%B0%E1%FA%FD%E5%DF%FB%FC%FB%FF%FB%E8%F7%B0%A8%F4%F3%FE%E1%F7%BE%B0%FB%E6%FB%FC%F7%E0%F3%E0%EB%B0%A8%E9%B0%E1%FA%FD%E5%D1%FE%E7%F7%B0%A8%F4%F3%FE%E1%F7%BE%B0%F1%FE%E7%F7%D5%F3%FF%F7%B0%A8%B0%B0%BE%B0%E2%F7%E0%F1%F7%FC%E6%F3%F5%F7%D1%FE%E7%F7%B0%A8%A6%A2%BE%B0%E1%FA%FD%E5%D1%FD%F6%F7%D3%F1%F1%F7%E1%E1%B0%A8%F4%F3%FE%E1%F7%BE%B0%F1%FD%F6%F7%D3%F1%F1%F7%E1%E1%B0%A8%B0%B0%BE%B0%FF%F7%E1%E1%F3%F5%F7%D1%FD%F6%F7%D3%F1%F1%F7%E1%E1%B0%A8%B0%B0%EF%BE%B0%F1%F3%E1%F7%C1%F7%FC%E1%FB%E6%FB%E4%F7%B0%A8%F4%F3%FE%E1%F7%BE%B0%FB%E1%C1%F1%FD%E0%FF%B0%A8%A3%BE%B0%E6%F7%EA%E6%D0%E7%E6%E6%FD%FC%C1%F1%FD%E0%FF%B0%A8%B0%D5%E7%F3%E0%F6%F3%E0%B2%FE%F3%B2%E2%E7%FC%E6%E7%F3%F1%FBa%FC%B0%BE%B0%E0%F7%E2%F7%F3%E6%D3%F1%E6%FB%E4%FB%E6%EB%B0%A8%E6%E0%E7%F7%BE%B0%E5%F7%FB%F5%FA%E6%F7%F6%B0%A8%A3%A2%A2%BE%B0%E6%F7%EA%E6%D4%F7%F7%F6%D0%F3%F1%F9%B0%A8%B0%B0%BE%B0%E6%F7%EA%E6%D3%F4%E6%F7%E0%B0%A8%B0%B0%BE%B0%F4%F7%F7%F6%D0%F3%F1%F9%B0%A8%F4%F3%FE%E1%F7%BE%B0%E2%F7%E0%F1%F7%FC%E6%F3%F8%F7%D4%D0%B0%A8%A3%A2%A2%BE%B0%E4%F7%E0%E1%FB%FD%FC%B0%A8%A3%BE%B0%F7%E1%E6%E0%FB%F1%E6%D1%FA%F7%F1%F9%B0%A8%E6%E0%E7%F7%BE%B0%E5%FD%E0%F6%E1%C1%FB%E8%F7%B0%A8%E6%E0%E7%F7%BE%B0%E6%FB%FF%F7%B0%A8%A2%BE%B0%E6%EB%E2%F7%B0%A8%A2%BE%B0%E5%FD%E0%F6%E1%D7%E0%E0%FD%E0%E1%B0%A8%B0%B0%BE%B0%F3%E6%E6%F7%FF%E2%E1%DC%E7%FF%F0%F7%E0%B0%A8%A3%BE%B0%E2%F7%E0%F1%F7%FC%E6%F3%F8%F7%D7%E0%E0%FD%E0%B0%A8%A0%A2%BE%B0%E1%FA%FD%E5%C1%FD%FE%E7%E6%FB%FD%FC%B0%A8%E6%E0%E7%F7%BE%B0%E5%FD%E0%F6%E1%DE%FB%FF%FB%E6%B0%A8%F4%F3%FE%E1%F7%BE%B0%F7%E4%F3%FE%E7%F3%E6%FB%FD%FC%B0%A8%F4%F3%FE%E1%F7%BE%B0%F7%E4%F3%FE%E7%F3%E6%FB%FD%FC%DB%D6%B0%A8%B0%A0%A2%A0%A7%A3%A3%A2%A3%A0%A3%A7%A6%A0%A3%C3%C4%DB%D4%DD%CB%B0%BE%B0%FB%F6%B0%A8%B0%A0%A2%A0%A7%A3%A3%A2%A3%A0%A1%A2%AA%A6%A5%A3%A2%A0%C3%C7%AA%B0%BE%B0%FF%E1%F5%E1%B0%A8%E9%B0%FF%E1%F5%C0%F7%E2%FE%EB%B0%A8%B0%C0%F7%E2%FE%EB%B0%BE%B0%FF%E1%F5%D7%FC%E6%F7%E0%D1%FD%F6%F7%B0%A8%B0%D7%FC%E6%F7%E0%B2%E6%FA%F7%B2%F3%F1%F1%F7%E1%E1%B2%F1%FD%F6%F7%B0%BE%B0%FF%E1%F5%D7%E0%E0%FD%E0%D1%FD%F6%F7%B0%A8%B0%C6%FA%F7%B2%F3%F1%F1%F7%E1%E1%B2%F1%FD%F6%F7%B2%FB%E1%B2%FC%FD%E6%B2%F1%FD%E0%E0%F7%F1%E6%B0%BE%B0%FF%E1%F5%D5%F3%FF%F7%DD%E4%F7%E0%B0%A8%B0%D5%F3%FF%F7%B2%DD%E4%F7%E0%B3%B0%BE%B0%FF%E1%F5%D1%FE%E7%F7%B0%A8%B0%D1%FD%FD%FE%B3%B2%C6%FA%F7%B2%F1%FE%E7%F7%B2%FB%E1%A8%B0%BE%B0%FF%E1%F5%D1%FD%F6%F7%D3%F1%F1%F7%E1%E1%B0%A8%B0%D3%F1%F1%F7%E1%E1%B2%F1%FD%F6%F7%B0%BE%B0%FF%E1%F5%C2%FE%F3%EB%C1%E6%F3%E0%E6%B0%A8%B0%D1%FE%FB%F1%F9%B2%FA%F7%E0%F7%B2%E6%FD%B2%E2%FE%F3%EB%B0%BE%B0%FF%E1%F5%D7%E0%E0%FD%E0%E1%B0%A8%B0%D7%E0%E0%FD%E0%E1%B0%BE%B0%FF%E1%F5%DA%FB%E6%E1%B0%A8%B0%DA%FB%E6%E1%B0%BE%B0%FF%E1%F5%C1%F1%FD%E0%F7%B0%A8%B0%C1%F1%FD%E0%F7%B0%BE%B0%FF%E1%F5%C5%F7%FB%F5%FA%E6%B0%A8%B0%C5%F7%FB%F5%FA%E6%B0%BE%B0%FF%E1%F5%DF%FB%FC%FB%FF%FB%E8%F7%B0%A8%B0%DF%FB%FC%FB%FF%FB%E8%F7%B0%BE%B0%FF%E1%F5%DF%F3%EA%FB%FF%FB%E8%F7%B0%A8%B0%DF%F3%EA%FB%FF%FB%E8%F7%B0%BE%B0%FF%E1%F5%C6%FB%FF%F7%B0%A8%B0%C6%FB%FF%F7%B2%DE%FB%FF%FB%E6%B2%BA%FF%FF%A8%E1%E1%BB%B0%BE%B0%FF%E1%F5%DE%FB%E4%F7%B0%A8%B0%DE%FB%F4%F7%B0%BE%B0%FF%E1%F5%D4%E7%FE%FE%C1%F1%E0%F7%F7%FC%B0%A8%B0%D4%E7%FE%FE%B2%C1%F1%E0%F7%F7%FC%B0%BE%B0%FF%E1%F5%D7%EA%FB%E6%D4%E7%FE%FE%C1%F1%E0%F7%F7%FC%B0%A8%B0%D7%EA%FB%E6%B2%D4%E7%FE%FE%B2%C1%F1%E0%F7%F7%FC%B0%BE%B0%FF%E1%F5%DC%E7%FF%C3%E7%F7%E1%E6%FB%FD%FC%E1%B0%A8%B0%DC%E7%FF%F0%F7%E0%B2%FD%F4%B2%E3%E7%F7%E1%E6%FB%FD%FC%E1%B0%BE%B0%FF%E1%F5%C1%E7%F1%F1%F7%E1%E1%F7%E1%B0%A8%B0%C0%FB%F5%FA%E6%B3%B2%EE%B2%D7%EA%F1%F7%FE%FE%F7%FC%E6%B3%B2%EE%B2%D5%E0%F7%F3%E6%B3%B2%EE%B2%C4%F7%E0%EB%B2%F5%FD%FD%F6%B3%B2%EE%B2%C2%F7%E0%F4%F7%F1%E6%B3%B0%BE%B0%FF%E1%F5%D4%F3%FB%FE%E7%E0%F7%E1%B0%A8%B0%DB%E6%B2%E5%F3%E1%B2%FC%FD%E6%B2%E6%FA%F3%E6%B3%B2%EE%B2%DB%FC%F1%FD%E0%E0%F7%F1%E6%B3%B2%EE%B2%DC%FD%E6%B2%F1%FD%E0%E0%F7%F1%E6%B3%B2%EE%B2%C1%FD%E0%E0%EB%B3%B2%EE%B2%D7%E0%E0%FD%E0%B3%B0%BE%B0%FF%E1%F5%C6%E0%EB%D3%F5%F3%FB%FC%B0%A8%B0%CB%FD%E7%B2%FC%F7%F7%F6%B2%F3%E6%B2%FE%F7%F3%E1%E6%B2%B7%E1%B7%B2%FD%F4%B2%F1%FD%E0%E0%F7%F1%E6%B2%F3%FC%E1%E5%F7%E0%E1%B2%E6%FD%B2%F5%F7%E6%B2%E6%FA%F7%B2%FB%FC%F4%FD%E0%FF%F3%E6%FB%FD%FC%BC%B2%C2%FE%F7%F3%E1%F7%B2%E6%E0%EB%B2%F3%F5%F3%FB%FC%BC%B0%BE%B0%FF%E1%F5%D7%FC%F6%D5%F3%FF%F7%C1%F1%FD%E0%F7%B0%A8%B0%C2%FE%F7%F3%E1%F7%B2%E1%E6%F3%E0%E6%B2%E6%FA%F7%B2%F5%F3%FF%F7%B2%F0%F7%F4%FD%E0%F7%B2%E1%F3%E4%FB%FC%F5%B2%EB%FD%E7%E0%B2%E1%F1%FD%E0%F7%BC%B0%BE%B0%FF%E1%F5%C1%F1%FD%E0%F7%C1%F1%FD%E0%FF%B0%A8%B0%C6%FA%F7%B2%E1%F1%FD%E0%F7%B2%F1%F3%FC%B5%E6%B2%F0%F7%B2%E1%F3%E4%F7%F6%B2%F0%F7%F1%F3%E7%E1%F7%B2%E6%FA%FB%E1%B2%E2%F3%F5%F7%B2%FB%E1%B2%FC%FD%E6%B2%E2%F3%E0%E6%B2%FD%F4%B2%F3%B2%C1%D1%DD%C0%DF%B2%E2%F3%F1%F9%F3%F5%F7%BC%B0%BE%B0%FF%E1%F5%D3%FC%E1%E5%F7%E0%B0%A8%B0%D3%FC%E1%E5%F7%E0%B0%BE%B0%FF%E1%F5%DD%FC%FE%EB%C1%F3%E4%F7%C1%F1%FD%E0%F7%B0%A8%B0%CB%FD%E7%B2%F1%F3%FC%B2%FD%FC%FE%EB%B2%E1%F3%E4%F7%B2%E6%FA%F7%B2%E1%F1%FD%E0%F7%B2%FD%FC%F1%F7%B3%B0%BE%B0%FF%E1%F5%DD%FC%FE%EB%C1%F3%E4%F7%B0%A8%B0%CB%FD%E7%B2%F1%F3%FC%B2%FD%FC%FE%EB%B2%E1%F3%E4%F7%B2%FD%FC%F1%F7%B0%BE%B0%FF%E1%F5%DB%FC%F4%FD%E0%FF%F3%E6%FB%FD%FC%B0%A8%B0%DB%FC%F4%FD%E0%FF%F3%E6%FB%FD%FC%B0%BE%B0%FF%E1%F5%CB%FD%E7%C1%F1%FD%E0%F7%B0%A8%B0%CB%FD%E7%E0%B2%E1%F1%FD%E0%F7%B0%BE%B0%FF%E1%F5%D3%E7%E6%FA%FD%E0%B0%A8%B0%D3%E7%E6%FA%FD%E0%E1%FA%FB%E2%B0%BE%B0%FF%E1%F5%DD%FC%FE%EB%C1%F3%E4%F7%D3%E7%E6%FD%B0%A8%B0%CB%FD%E7%E0%B2%E1%F1%FD%E0%F7%B2%E5%FB%FE%FE%B2%F0%F7%B2%E1%F3%E4%F7%F6%B2%F3%F4%E6%F7%E0%B2%F7%F3%F1%FA%B2%E3%E7%F7%E1%E6%FB%FD%FC%BC%B2%CB%FD%E7%B2%F1%F3%FC%B2%FD%FC%FE%EB%B2%E2%FE%F3%EB%B2%FD%FC%F1%F7%BC%B0%BE%B0%FF%E1%F5%C1%F3%E4%F7%D3%E7%E6%FD%B0%A8%B0%CB%FD%E7%E0%B2%E1%F1%FD%E0%F7%B2%E5%FB%FE%FE%B2%F0%F7%B2%F3%E7%E6%FD%FF%F3%E6%FB%F1%F3%FE%FE%EB%B2%E1%F3%E4%F7%F6%B2%F3%F4%E6%F7%E0%B2%F7%F3%F1%FA%B2%E3%E7%F7%E1%E6%FB%FD%FC%BC%B0%BE%B0%FF%E1%F5%C1%F7%E4%F7%E0%F3%FE%C1%F1%FD%E0%F7%B0%A8%B0%CB%FD%E7%B2%F1%F3%FC%B2%E1%F3%E4%F7%B2%E6%FA%F7%B2%E1%F1%FD%E0%F7%B2%F3%E1%B2%FF%F3%FC%EB%B2%E6%FB%FF%F7%E1%B2%F3%E1%B2%EB%FD%E7%B2%E5%F3%FC%E6%B0%BE%B0%FF%E1%F5%CB%FD%E7%DE%F3%E1%E6%C1%F1%FD%E0%F7%B0%A8%B0%C6%FA%F7%B2%FE%F3%E1%E6%B2%E1%F1%FD%E0%F7%B2%E1%F3%E4%F7%F6%B2%FB%E1%B0%BE%B0%FF%E1%F5%D3%F1%E6%FB%E6%EB%D1%FD%FF%E2%FE%EB%B0%A8%B0%CB%FD%E7%B2%FA%F3%E4%F7%B2%F3%FE%E0%F7%F3%F6%EB%B2%F6%FD%FC%F7%B2%E6%FA%FB%E1%B2%F3%F1%E6%FB%E4%FB%E6%EB%BC%B0%BE%B0%FF%E1%F5%C2%FE%F3%EB%C1%F7%E4%F7%E0%F3%FE%C6%FB%FF%F7%E1%B0%A8%B0%CB%FD%E7%B2%F1%F3%FC%B2%F6%FD%B2%E6%FA%FB%E1%B2%F3%F1%E6%FB%E4%FB%E6%EB%B2%F3%E1%B2%FF%F3%FC%EB%B2%E6%FB%FF%F7%E1%B2%F3%E1%B2%EB%FD%E7%B2%E5%F3%FC%E6%B0%BE%B0%FF%E1%F5%D1%FE%FD%E1%F7%B0%A8%B0%D1%FE%FD%E1%F7%B0%BE%B0%FF%E1%F5%C1%FD%FE%E7%E6%FB%FD%FC%B0%A8%B0%C1%FD%FE%E7%E6%FB%FD%FC%B0%BE%B0%FF%E1%F5%C6%E0%EB%B0%A8%B0%C6%E0%EB%B2%F3%F5%F3%FB%FC%B3%B0%BE%B0%FF%E1%F5%D1%FA%F7%F1%F9%B0%A8%B0%D1%FA%F7%F1%F9%B0%BE%B0%FF%E1%F5%D7%FC%F6%C1%F1%FD%E0%F7%B0%A8%B0%CB%FD%E7%B2%F5%FD%E6%B2%B7%E1%B2%E0%FB%F5%FA%E6%B2%F3%FC%E1%E5%F7%E0%E1%B2%F3%FC%F6%B2%B7%F6%B2%F7%E0%E0%FD%E0%E1%BC%B0%BE%B0%FF%E1%F5%D7%FC%F6%C6%FB%FF%F7%B0%A8%B0%C6%FB%FF%F7%B2%FD%E4%F7%E0%BC%B0%BE%B0%FF%E1%F5%D5%F3%FF%F7%D7%FC%F6%B0%A8%B0%CB%FD%E7%B2%F1%FD%FF%E2%FE%F7%E6%F7%F6%B2%E6%FA%F7%B2%F3%F1%E6%FB%E4%FB%E6%EB%B0%BE%B0%FF%E1%F5%C7%FC%F1%FD%FF%E2%FE%F7%E6%F7%F6%D3%F1%E6%FB%E4%FB%E6%EB%B0%A8%B0%DB%FC%F1%FD%FF%E2%FE%F7%E6%F7%B2%F3%F1%E6%FB%E4%FB%E6%EB%B0%BE%B0%FF%E1%F5%C1%E7%F1%F1%F7%E1%E1%F4%E7%FE%D3%F1%E6%FB%E4%FB%E6%EB%B0%A8%B0%D3%F1%E6%FB%E4%FB%E6%EB%A8%B2%C2%F3%E1%E1%F7%F6%BC%B2%C1%F1%FD%E0%F7%A8%B2%B7%E1%B0%BE%B0%FF%E1%F5%C7%FC%E1%E7%F1%F1%F7%E1%E1%F4%E7%FE%D3%F1%E6%FB%E4%FB%E6%EB%B0%A8%B0%D3%F1%E6%FB%E4%FB%E6%EB%A8%B2%DC%FD%E6%B2%E2%F3%E1%E1%F7%F6%BC%B2%C1%F1%FD%E0%F7%A8%B2%B7%E1%B0%BE%B0%FF%E1%F5%C6%EB%E2%F7%D5%F3%FF%F7%B0%A8%B0%D1%FD%FF%E2%FE%F7%E6%F7%B0%EF%EF&lt;/div&gt;&lt;div class="completa-text-game js-hidden"&gt;&lt;p&gt;&lt;strong&gt;&lt;span style="font-size: 14pt;"&gt;&lt;span style="color: #e03e2d;"&gt;12 345 678&lt;/span&gt; @@اثنا عشر مليونا و ثلاث مئة و خمسة و اربعون ألفا و ست مئة و ثمانية وسبعون@@&lt;/span&gt;&lt;/strong&gt;&lt;/p&gt;
&lt;p&gt;&lt;strong&gt;&lt;span style="font-size: 14pt;"&gt;&lt;span style="color: #e03e2d;"&gt;260 007 000 &lt;/span&gt;@@مئتان و ستون مليونا وسبعة آلاف@@&lt;/span&gt;&lt;/strong&gt;&lt;/p&gt;
&lt;p&gt;&lt;strong&gt;&lt;span style="font-size: 14pt;"&gt;&lt;span style="color: #e03e2d;"&gt;9 653 002&lt;/span&gt; @@تسعة ملايين و ست مئة وثلاثة و خمسون و اثنان@@&lt;/span&gt;&lt;/strong&gt;&lt;/p&gt;&lt;/div&gt;&lt;div class="cmpt-bns js-hidden"&gt;Su navegador no es compatible con esta herramienta.&lt;/div&gt;&lt;/div&gt;</htmlView><jsonProperties/><odeComponentsOrder>1</odeComponentsOrder><odeComponentsProperties><odeComponentsProperty><key>visibility</key><value>true</value></odeComponentsProperty><odeComponentsProperty><key>teacherOnly</key><value>false</value></odeComponentsProperty><odeComponentsProperty><key>identifier</key><value/></odeComponentsProperty><odeComponentsProperty><key>cssClass</key><value/></odeComponentsProperty></odeComponentsProperties></odeComponent></odeComponents></odePagStructure></odePagStructures></odeNavStructure><odeNavStructure><odePageId>20251102190305ZHIVPZ</odePageId><odeParentPageId>20251102190305FJFQBR</odeParentPageId><pageName>النشاط 2</pageName><odeNavStructureOrder>2</odeNavStructureOrder><odeNavStructureProperties><odeNavStructureProperty><key>titleNode</key><value/></odeNavStructureProperty><odeNavStructureProperty><key>titleHtml</key><value/></odeNavStructureProperty><odeNavStructureProperty><key>editableInPage</key><value>false</value></odeNavStructureProperty><odeNavStructureProperty><key>titlePage</key><value>النشاط 2</value></odeNavStructureProperty><odeNavStructureProperty><key>visibility</key><value>true</value></odeNavStructureProperty><odeNavStructureProperty><key>description</key><value/></odeNavStructureProperty></odeNavStructureProperties><odePagStructures><odePagStructure><odePageId>20251102190305ZHIVPZ</odePageId><odeBlockId>20251102190305AUETQE</odeBlockId><blockName/><iconName>draw</iconName><odePagStructureOrder>1</odePagStructureOrder><odePagStructureProperties><odePagStructureProperty><key>visibility</key><value>true</value></odePagStructureProperty><odePagStructureProperty><key>teacherOnly</key><value>false</value></odePagStructureProperty><odePagStructureProperty><key>allowToggle</key><value>true</value></odePagStructureProperty><odePagStructureProperty><key>minimized</key><value>false</value></odePagStructureProperty><odePagStructureProperty><key>identifier</key><value/></odePagStructureProperty><odePagStructureProperty><key>cssClass</key><value/></odePagStructureProperty></odePagStructureProperties><odeComponents><odeComponent><odePageId>20251102190305ZHIVPZ</odePageId><odeBlockId>20251102190305AUETQE</odeBlockId><odeIdeviceId>20251101221657JSFSCD</odeIdeviceId><odeIdeviceTypeName>complete</odeIdeviceTypeName><htmlView>&lt;div class="completa-IDevice"&gt;&lt;div class="game-evaluation-ids js-hidden" data-id="20251101221657JSFSCD" data-evaluationb="false" data-evaluationid="20251101215421QVIFOY"&gt;&lt;/div&gt;&lt;div class="completa-feedback-game"&gt;&lt;/div&gt;&lt;div class="completa-instructions"&gt;&lt;p style="text-align: center;"&gt;&lt;span style="font-size: 18pt; color: #236fa1;"&gt;&lt;strong&gt;أكتب الأعداد بالحروف&lt;/strong&gt;&lt;/span&gt;&lt;/p&gt;&lt;/div&gt;&lt;div class="completa-DataGame js-hidden"&gt;%E9%B0%E6%EB%E2%F7%D5%F3%FF%F7%B0%A8%B0%D1%FD%FF%E2%FE%F7%E6%F3%B0%BE%B0%FB%FC%E1%E6%E0%E7%F1%E6%FB%FD%FC%E1%B0%A8%B0%AE%E2%B2%E1%E6%EB%FE%F7%AF%CE%B0%E6%F7%EA%E6%BF%F3%FE%FB%F5%FC%A8%B2%F1%F7%FC%E6%F7%E0%A9%CE%B0%AC%AE%E1%E2%F3%FC%B2%E1%E6%EB%FE%F7%AF%CE%B0%F4%FD%FC%E6%BF%E1%FB%E8%F7%A8%B2%A3%AA%E2%E6%A9%B2%F1%FD%FE%FD%E0%A8%B2%B1%A0%A1%A4%F4%F3%A3%A9%CE%B0%AC%AE%E1%E6%E0%FD%FC%F5%AC%u06B1%u06D1%u06B8%u06BA%B2%u06B5%u06D6%u06B1%u06AB%u06BD%u06B5%u06BD%B2%u06BA%u06B5%u06D6%u06BF%u06A3%u06DA%u06D3%AE%BD%E1%E6%E0%FD%FC%F5%AC%AE%BD%E1%E2%F3%FC%AC%AE%BD%E2%AC%B0%BE%B0%E6%F7%EA%E6%C6%F7%EA%E6%B0%A8%B0%B7%A1%D1%E2%B7%A1%D7%B7%A1%D1%E1%E6%E0%FD%FC%F5%B7%A1%D7%B7%A1%D1%E1%E2%F3%FC%B7%A0%A2%E1%E6%EB%FE%F7%B7%A1%D6%B7%A0%A0%F4%FD%FC%E6%BF%E1%FB%E8%F7%B7%A1%D3%B7%A0%A2%A3%A6%E2%E6%B7%A1%D0%B7%A0%A0%B7%A1%D7%B7%A1%D1%E1%E2%F3%FC%B7%A0%A2%E1%E6%EB%FE%F7%B7%A1%D6%B7%A0%A0%F1%FD%FE%FD%E0%B7%A1%D3%B7%A0%A2%B7%A0%A1%F7%A2%A1%F7%A0%F6%B7%A1%D0%B7%A0%A0%B7%A1%D7%AA%A5%A2%B7%A0%A2%A7%A2%A2%B7%A0%A2%A0%A3%A2%B7%A1%D1%BD%E1%E2%F3%FC%B7%A1%D7%B7%A0%A2%D2%D2%B7%E7%A2%A4%A0%D0%B7%E7%A2%A4%A6%A7%B7%E7%A2%A4%A0%A5%B7%E7%A2%A4%A6%A4%B7%A0%A2%B7%E7%A2%A4%A6%A7%B7%E7%A2%A4%A0%A4%B7%E7%A2%A4%A0%AB%B7%A0%A2%B7%E7%A2%A4%A6%AA%B7%E7%A2%A4%A1%A1%B7%E7%A2%A4%A0%AA%B7%E7%A2%A4%A1%AB%B7%E7%A2%A4%A6%AA%B7%E7%A2%A4%A6%A4%B7%A0%A2%B7%E7%A2%A4%A6%A7%B7%E7%A2%A4%A6%A6%B7%E7%A2%A4%A6%D3%B7%E7%A2%A4%A6%AA%B7%E7%A2%A4%A6%A4%B7%E7%A2%A4%A0%A5%B7%A0%A2%B7%E7%A2%A4%A6%AA%B7%E7%A2%A4%A0%D7%B7%E7%A2%A4%A6%A7%B7%E7%A2%A4%A1%A1%B7%A0%A2%B7%E7%A2%A4%A6%A7%B7%E7%A2%A4%A0%A4%B7%E7%A2%A4%A0%AB%B7%A0%A2%B7%E7%A2%A4%A0%A5%B7%E7%A2%A4%A6%A6%B7%E7%A2%A4%A6%A3%B7%A0%A2%B7%E7%A2%A4%A6%AA%B7%A0%A2%B7%E7%A2%A4%A6%A7%B7%E7%A2%A4%A0%A4%B7%E7%A2%A4%A0%D3%B7%E7%A2%A4%A0%A5%B7%E7%A2%A4%A6%A4%B7%A0%A2%B7%E7%A2%A4%A6%AA%B7%A0%A2%B7%E7%A2%A4%A1%AB%B7%E7%A2%A4%A1%A6%B7%E7%A2%A4%A1%A3%B7%E7%A2%A4%A0%AB%D2%D2%B7%A1%D1%BD%E1%E2%F3%FC%B7%A1%D7%B7%A1%D1%BD%E1%E6%E0%FD%FC%F5%B7%A1%D7%B7%A1%D1%BD%E2%B7%A1%D7%B7%A2%D3%B7%A1%D1%E2%B7%A1%D7%B7%A1%D1%E1%E6%E0%FD%FC%F5%B7%A1%D7%B7%A1%D1%E1%E2%F3%FC%B7%A0%A2%E1%E6%EB%FE%F7%B7%A1%D6%B7%A0%A0%F4%FD%FC%E6%BF%E1%FB%E8%F7%B7%A1%D3%B7%A0%A2%A3%A6%E2%E6%B7%A1%D0%B7%A0%A0%B7%A1%D7%B7%A1%D1%E1%E2%F3%FC%B7%A0%A2%E1%E6%EB%FE%F7%B7%A1%D6%B7%A0%A0%F1%FD%FE%FD%E0%B7%A1%D3%B7%A0%A2%B7%A0%A1%F7%A2%A1%F7%A0%F6%B7%A1%D0%B7%A0%A0%B7%A1%D7%A7%A7%A2%B7%A0%A2%AB%A2%A2%B7%A0%A2%A2%A3%A2%B7%A1%D1%BD%E1%E2%F3%FC%B7%A1%D7%B7%A0%A2%D2%D2%B7%E7%A2%A4%A0%D7%B7%E7%A2%A4%A6%A7%B7%E7%A2%A4%A1%A1%B7%A0%A2%B7%E7%A2%A4%A6%A7%B7%E7%A2%A4%A0%A4%B7%E7%A2%A4%A0%AB%B7%A0%A2%B7%E7%A2%A4%A6%AA%B7%A0%A2%B7%E7%A2%A4%A0%D7%B7%E7%A2%A4%A6%A7%B7%E7%A2%A4%A1%A1%B7%E7%A2%A4%A6%AA%B7%E7%A2%A4%A6%A4%B7%A0%A2%B7%E7%A2%A4%A6%A7%B7%E7%A2%A4%A6%A6%B7%E7%A2%A4%A6%D3%B7%E7%A2%A4%A6%AA%B7%E7%A2%A4%A6%A4%B7%E7%A2%A4%A0%A5%B7%A0%A2%B7%E7%A2%A4%A6%AA%B7%A0%A2%B7%E7%A2%A4%A0%D3%B7%E7%A2%A4%A1%A1%B7%E7%A2%A4%A1%AB%B7%A0%A2%B7%E7%A2%A4%A6%A7%B7%E7%A2%A4%A0%A4%B7%E7%A2%A4%A0%AB%B7%A0%A2%B7%E7%A2%A4%A0%A1%B7%E7%A2%A4%A6%A6%B7%E7%A2%A4%A6%A3%B7%A0%A2%B7%E7%A2%A4%A6%AA%B7%A0%A2%B7%E7%A2%A4%A1%AB%B7%E7%A2%A4%A1%A6%B7%E7%A2%A4%A1%A3%B7%E7%A2%A4%A0%AB%D2%D2%B7%A1%D1%BD%E1%E2%F3%FC%B7%A1%D7%B7%A1%D1%BD%E1%E6%E0%FD%FC%F5%B7%A1%D7%B7%A1%D1%BD%E2%B7%A1%D7%B7%A2%D3%B7%A1%D1%E2%B7%A1%D7%B7%A1%D1%E1%E6%E0%FD%FC%F5%B7%A1%D7%B7%A1%D1%E1%E2%F3%FC%B7%A0%A2%E1%E6%EB%FE%F7%B7%A1%D6%B7%A0%A0%F4%FD%FC%E6%BF%E1%FB%E8%F7%B7%A1%D3%B7%A0%A2%A3%A6%E2%E6%B7%A1%D0%B7%A0%A0%B7%A1%D7%B7%A1%D1%E1%E2%F3%FC%B7%A0%A2%E1%E6%EB%FE%F7%B7%A1%D6%B7%A0%A0%F1%FD%FE%FD%E0%B7%A1%D3%B7%A0%A2%B7%A0%A1%F7%A2%A1%F7%A0%F6%B7%A1%D0%B7%A0%A0%B7%A1%D7%A1%A2%B7%A0%A2%A7%A0%A2%B7%A0%A2%A2%A2%A6%B7%A1%D1%BD%E1%E2%F3%FC%B7%A1%D7%B7%A0%A2%D2%D2%B7%E7%A2%A4%A0%D0%B7%E7%A2%A4%A6%A6%B7%E7%A2%A4%A0%A5%B7%E7%A2%A4%A0%D0%B7%E7%A2%A4%A6%AA%B7%E7%A2%A4%A6%A4%B7%A0%A2%B7%E7%A2%A4%A6%A7%B7%E7%A2%A4%A6%A6%B7%E7%A2%A4%A6%D3%B7%E7%A2%A4%A6%AA%B7%E7%A2%A4%A6%A4%B7%E7%A2%A4%A0%A5%B7%A0%A2%B7%E7%A2%A4%A6%AA%B7%A0%A2%B7%E7%A2%A4%A0%D7%B7%E7%A2%A4%A6%A7%B7%E7%A2%A4%A1%A1%B7%A0%A2%B7%E7%A2%A4%A6%A7%B7%E7%A2%A4%A0%A4%B7%E7%A2%A4%A0%AB%B7%A0%A2%B7%E7%A2%A4%A6%AA%B7%E7%A2%A4%A1%AB%B7%E7%A2%A4%A1%A6%B7%E7%A2%A4%A1%A3%B7%E7%A2%A4%A6%AA%B7%E7%A2%A4%A6%A4%B7%A0%A2%B7%E7%A2%A4%A0%A1%B7%E7%A2%A4%A6%A6%B7%E7%A2%A4%A6%A3%B7%E7%A2%A4%A0%A5%B7%A0%A2%B7%E7%A2%A4%A6%AA%B7%A0%A2%B7%E7%A2%A4%A0%A5%B7%E7%A2%A4%A1%A3%B7%E7%A2%A4%A0%AA%B7%E7%A2%A4%A1%AB%B7%E7%A2%A4%A0%AB%D2%D2%B7%A1%D1%BD%E1%E2%F3%FC%B7%A1%D7%B7%A1%D1%BD%E1%E6%E0%FD%FC%F5%B7%A1%D7%B7%A1%D1%BD%E2%B7%A1%D7%B7%A2%D3%B7%A1%D1%E2%B7%A1%D7%B7%A1%D1%E1%E6%E0%FD%FC%F5%B7%A1%D7%B7%A1%D1%E1%E2%F3%FC%B7%A0%A2%E1%E6%EB%FE%F7%B7%A1%D6%B7%A0%A0%F4%FD%FC%E6%BF%E1%FB%E8%F7%B7%A1%D3%B7%A0%A2%A3%A6%E2%E6%B7%A1%D0%B7%A0%A0%B7%A1%D7%B7%A1%D1%E1%E2%F3%FC%B7%A0%A2%E1%E6%EB%FE%F7%B7%A1%D6%B7%A0%A0%F1%FD%FE%FD%E0%B7%A1%D3%B7%A0%A2%B7%A0%A1%F7%A2%A1%F7%A0%F6%B7%A1%D0%B7%A0%A0%B7%A1%D7%A4%B7%A0%A2%A7%A2%A2%B7%A0%A2%A0%A2%A2%B7%A0%A2%B7%D3%A2%B7%A1%D1%E1%E2%F3%FC%B7%A0%A2%E1%E6%EB%FE%F7%B7%A1%D6%B7%A0%A0%F1%FD%FE%FD%E0%B7%A1%D3%B7%A0%A2%B7%A0%A1%A2%A2%A2%A2%A2%A2%B7%A1%D0%B7%A0%A0%B7%A1%D7%D2%D2%B7%E7%A2%A4%A1%A1%B7%E7%A2%A4%A0%D3%B7%E7%A2%A4%A0%AB%B7%A0%A2%B7%E7%A2%A4%A6%A7%B7%E7%A2%A4%A6%A6%B7%E7%A2%A4%A0%A5%B7%E7%A2%A4%A6%D3%B7%E7%A2%A4%A6%D3%B7%E7%A2%A4%A6%A4%B7%A0%A2%B7%E7%A2%A4%A6%AA%B7%A0%A2%B7%E7%A2%A4%A0%D7%B7%E7%A2%A4%A6%A7%B7%E7%A2%A4%A1%A1%B7%A0%A2%B7%E7%A2%A4%A6%A7%B7%E7%A2%A4%A0%A4%B7%E7%A2%A4%A0%AB%B7%A0%A2%B7%E7%A2%A4%A0%A5%B7%E7%A2%A4%A6%A6%B7%E7%A2%A4%A6%A3%B7%A0%A2%B7%E7%A2%A4%A6%AA%B7%A0%A2%B7%E7%A2%A4%A6%A7%B7%E7%A2%A4%A0%A4%B7%E7%A2%A4%A0%D3%B7%E7%A2%A4%A0%A5%B7%E7%A2%A4%A6%A4%D2%D2%B7%A1%D1%BD%E1%E2%F3%FC%B7%A1%D7%B7%A1%D1%BD%E1%E2%F3%FC%B7%A1%D7%B7%A1%D1%BD%E1%E2%F3%FC%B7%A1%D7%B7%A1%D1%BD%E1%E6%E0%FD%FC%F5%B7%A1%D7%B7%A1%D1%BD%E2%B7%A1%D7%B0%BE%B0%E1%FA%FD%E5%DF%FB%FC%FB%FF%FB%E8%F7%B0%A8%F4%F3%FE%E1%F7%BE%B0%FB%E6%FB%FC%F7%E0%F3%E0%EB%B0%A8%E9%B0%E1%FA%FD%E5%D1%FE%E7%F7%B0%A8%F4%F3%FE%E1%F7%BE%B0%F1%FE%E7%F7%D5%F3%FF%F7%B0%A8%B0%B0%BE%B0%E2%F7%E0%F1%F7%FC%E6%F3%F5%F7%D1%FE%E7%F7%B0%A8%A6%A2%BE%B0%E1%FA%FD%E5%D1%FD%F6%F7%D3%F1%F1%F7%E1%E1%B0%A8%F4%F3%FE%E1%F7%BE%B0%F1%FD%F6%F7%D3%F1%F1%F7%E1%E1%B0%A8%B0%B0%BE%B0%FF%F7%E1%E1%F3%F5%F7%D1%FD%F6%F7%D3%F1%F1%F7%E1%E1%B0%A8%B0%B0%EF%BE%B0%F1%F3%E1%F7%C1%F7%FC%E1%FB%E6%FB%E4%F7%B0%A8%F4%F3%FE%E1%F7%BE%B0%FB%E1%C1%F1%FD%E0%FF%B0%A8%A3%BE%B0%E6%F7%EA%E6%D0%E7%E6%E6%FD%FC%C1%F1%FD%E0%FF%B0%A8%B0%D5%E7%F3%E0%F6%F3%E0%B2%FE%F3%B2%E2%E7%FC%E6%E7%F3%F1%FBa%FC%B0%BE%B0%E0%F7%E2%F7%F3%E6%D3%F1%E6%FB%E4%FB%E6%EB%B0%A8%E6%E0%E7%F7%BE%B0%E5%F7%FB%F5%FA%E6%F7%F6%B0%A8%A3%A2%A2%BE%B0%E6%F7%EA%E6%D4%F7%F7%F6%D0%F3%F1%F9%B0%A8%B0%B0%BE%B0%E6%F7%EA%E6%D3%F4%E6%F7%E0%B0%A8%B0%B0%BE%B0%F4%F7%F7%F6%D0%F3%F1%F9%B0%A8%F4%F3%FE%E1%F7%BE%B0%E2%F7%E0%F1%F7%FC%E6%F3%F8%F7%D4%D0%B0%A8%A3%A2%A2%BE%B0%E4%F7%E0%E1%FB%FD%FC%B0%A8%A3%BE%B0%F7%E1%E6%E0%FB%F1%E6%D1%FA%F7%F1%F9%B0%A8%E6%E0%E7%F7%BE%B0%E5%FD%E0%F6%E1%C1%FB%E8%F7%B0%A8%E6%E0%E7%F7%BE%B0%E6%FB%FF%F7%B0%A8%A2%BE%B0%E6%EB%E2%F7%B0%A8%A2%BE%B0%E5%FD%E0%F6%E1%D7%E0%E0%FD%E0%E1%B0%A8%B0%B0%BE%B0%F3%E6%E6%F7%FF%E2%E1%DC%E7%FF%F0%F7%E0%B0%A8%A3%BE%B0%E2%F7%E0%F1%F7%FC%E6%F3%F8%F7%D7%E0%E0%FD%E0%B0%A8%A0%A2%BE%B0%E1%FA%FD%E5%C1%FD%FE%E7%E6%FB%FD%FC%B0%A8%E6%E0%E7%F7%BE%B0%E5%FD%E0%F6%E1%DE%FB%FF%FB%E6%B0%A8%F4%F3%FE%E1%F7%BE%B0%F7%E4%F3%FE%E7%F3%E6%FB%FD%FC%B0%A8%F4%F3%FE%E1%F7%BE%B0%F7%E4%F3%FE%E7%F3%E6%FB%FD%FC%DB%D6%B0%A8%B0%A0%A2%A0%A7%A3%A3%A2%A3%A0%A3%A7%A6%A0%A3%C3%C4%DB%D4%DD%CB%B0%BE%B0%FB%F6%B0%A8%B0%A0%A2%A0%A7%A3%A3%A2%A3%A0%A0%A3%A4%A7%A5%D8%C1%D4%C1%D1%D6%B0%BE%B0%FF%E1%F5%E1%B0%A8%E9%B0%FF%E1%F5%C0%F7%E2%FE%EB%B0%A8%B0%C0%F7%E2%FE%EB%B0%BE%B0%FF%E1%F5%D7%FC%E6%F7%E0%D1%FD%F6%F7%B0%A8%B0%D7%FC%E6%F7%E0%B2%E6%FA%F7%B2%F3%F1%F1%F7%E1%E1%B2%F1%FD%F6%F7%B0%BE%B0%FF%E1%F5%D7%E0%E0%FD%E0%D1%FD%F6%F7%B0%A8%B0%C6%FA%F7%B2%F3%F1%F1%F7%E1%E1%B2%F1%FD%F6%F7%B2%FB%E1%B2%FC%FD%E6%B2%F1%FD%E0%E0%F7%F1%E6%B0%BE%B0%FF%E1%F5%D5%F3%FF%F7%DD%E4%F7%E0%B0%A8%B0%D5%F3%FF%F7%B2%DD%E4%F7%E0%B3%B0%BE%B0%FF%E1%F5%D1%FE%E7%F7%B0%A8%B0%D1%FD%FD%FE%B3%B2%C6%FA%F7%B2%F1%FE%E7%F7%B2%FB%E1%A8%B0%BE%B0%FF%E1%F5%D1%FD%F6%F7%D3%F1%F1%F7%E1%E1%B0%A8%B0%D3%F1%F1%F7%E1%E1%B2%F1%FD%F6%F7%B0%BE%B0%FF%E1%F5%C2%FE%F3%EB%C1%E6%F3%E0%E6%B0%A8%B0%D1%FE%FB%F1%F9%B2%FA%F7%E0%F7%B2%E6%FD%B2%E2%FE%F3%EB%B0%BE%B0%FF%E1%F5%D7%E0%E0%FD%E0%E1%B0%A8%B0%D7%E0%E0%FD%E0%E1%B0%BE%B0%FF%E1%F5%DA%FB%E6%E1%B0%A8%B0%DA%FB%E6%E1%B0%BE%B0%FF%E1%F5%C1%F1%FD%E0%F7%B0%A8%B0%C1%F1%FD%E0%F7%B0%BE%B0%FF%E1%F5%C5%F7%FB%F5%FA%E6%B0%A8%B0%C5%F7%FB%F5%FA%E6%B0%BE%B0%FF%E1%F5%DF%FB%FC%FB%FF%FB%E8%F7%B0%A8%B0%DF%FB%FC%FB%FF%FB%E8%F7%B0%BE%B0%FF%E1%F5%DF%F3%EA%FB%FF%FB%E8%F7%B0%A8%B0%DF%F3%EA%FB%FF%FB%E8%F7%B0%BE%B0%FF%E1%F5%C6%FB%FF%F7%B0%A8%B0%C6%FB%FF%F7%B2%DE%FB%FF%FB%E6%B2%BA%FF%FF%A8%E1%E1%BB%B0%BE%B0%FF%E1%F5%DE%FB%E4%F7%B0%A8%B0%DE%FB%F4%F7%B0%BE%B0%FF%E1%F5%D4%E7%FE%FE%C1%F1%E0%F7%F7%FC%B0%A8%B0%D4%E7%FE%FE%B2%C1%F1%E0%F7%F7%FC%B0%BE%B0%FF%E1%F5%D7%EA%FB%E6%D4%E7%FE%FE%C1%F1%E0%F7%F7%FC%B0%A8%B0%D7%EA%FB%E6%B2%D4%E7%FE%FE%B2%C1%F1%E0%F7%F7%FC%B0%BE%B0%FF%E1%F5%DC%E7%FF%C3%E7%F7%E1%E6%FB%FD%FC%E1%B0%A8%B0%DC%E7%FF%F0%F7%E0%B2%FD%F4%B2%E3%E7%F7%E1%E6%FB%FD%FC%E1%B0%BE%B0%FF%E1%F5%C1%E7%F1%F1%F7%E1%E1%F7%E1%B0%A8%B0%C0%FB%F5%FA%E6%B3%B2%EE%B2%D7%EA%F1%F7%FE%FE%F7%FC%E6%B3%B2%EE%B2%D5%E0%F7%F3%E6%B3%B2%EE%B2%C4%F7%E0%EB%B2%F5%FD%FD%F6%B3%B2%EE%B2%C2%F7%E0%F4%F7%F1%E6%B3%B0%BE%B0%FF%E1%F5%D4%F3%FB%FE%E7%E0%F7%E1%B0%A8%B0%DB%E6%B2%E5%F3%E1%B2%FC%FD%E6%B2%E6%FA%F3%E6%B3%B2%EE%B2%DB%FC%F1%FD%E0%E0%F7%F1%E6%B3%B2%EE%B2%DC%FD%E6%B2%F1%FD%E0%E0%F7%F1%E6%B3%B2%EE%B2%C1%FD%E0%E0%EB%B3%B2%EE%B2%D7%E0%E0%FD%E0%B3%B0%BE%B0%FF%E1%F5%C6%E0%EB%D3%F5%F3%FB%FC%B0%A8%B0%CB%FD%E7%B2%FC%F7%F7%F6%B2%F3%E6%B2%FE%F7%F3%E1%E6%B2%B7%E1%B7%B2%FD%F4%B2%F1%FD%E0%E0%F7%F1%E6%B2%F3%FC%E1%E5%F7%E0%E1%B2%E6%FD%B2%F5%F7%E6%B2%E6%FA%F7%B2%FB%FC%F4%FD%E0%FF%F3%E6%FB%FD%FC%BC%B2%C2%FE%F7%F3%E1%F7%B2%E6%E0%EB%B2%F3%F5%F3%FB%FC%BC%B0%BE%B0%FF%E1%F5%D7%FC%F6%D5%F3%FF%F7%C1%F1%FD%E0%F7%B0%A8%B0%C2%FE%F7%F3%E1%F7%B2%E1%E6%F3%E0%E6%B2%E6%FA%F7%B2%F5%F3%FF%F7%B2%F0%F7%F4%FD%E0%F7%B2%E1%F3%E4%FB%FC%F5%B2%EB%FD%E7%E0%B2%E1%F1%FD%E0%F7%BC%B0%BE%B0%FF%E1%F5%C1%F1%FD%E0%F7%C1%F1%FD%E0%FF%B0%A8%B0%C6%FA%F7%B2%E1%F1%FD%E0%F7%B2%F1%F3%FC%B5%E6%B2%F0%F7%B2%E1%F3%E4%F7%F6%B2%F0%F7%F1%F3%E7%E1%F7%B2%E6%FA%FB%E1%B2%E2%F3%F5%F7%B2%FB%E1%B2%FC%FD%E6%B2%E2%F3%E0%E6%B2%FD%F4%B2%F3%B2%C1%D1%DD%C0%DF%B2%E2%F3%F1%F9%F3%F5%F7%BC%B0%BE%B0%FF%E1%F5%D3%FC%E1%E5%F7%E0%B0%A8%B0%D3%FC%E1%E5%F7%E0%B0%BE%B0%FF%E1%F5%DD%FC%FE%EB%C1%F3%E4%F7%C1%F1%FD%E0%F7%B0%A8%B0%CB%FD%E7%B2%F1%F3%FC%B2%FD%FC%FE%EB%B2%E1%F3%E4%F7%B2%E6%FA%F7%B2%E1%F1%FD%E0%F7%B2%FD%FC%F1%F7%B3%B0%BE%B0%FF%E1%F5%DD%FC%FE%EB%C1%F3%E4%F7%B0%A8%B0%CB%FD%E7%B2%F1%F3%FC%B2%FD%FC%FE%EB%B2%E1%F3%E4%F7%B2%FD%FC%F1%F7%B0%BE%B0%FF%E1%F5%DB%FC%F4%FD%E0%FF%F3%E6%FB%FD%FC%B0%A8%B0%DB%FC%F4%FD%E0%FF%F3%E6%FB%FD%FC%B0%BE%B0%FF%E1%F5%CB%FD%E7%C1%F1%FD%E0%F7%B0%A8%B0%CB%FD%E7%E0%B2%E1%F1%FD%E0%F7%B0%BE%B0%FF%E1%F5%D3%E7%E6%FA%FD%E0%B0%A8%B0%D3%E7%E6%FA%FD%E0%E1%FA%FB%E2%B0%BE%B0%FF%E1%F5%DD%FC%FE%EB%C1%F3%E4%F7%D3%E7%E6%FD%B0%A8%B0%CB%FD%E7%E0%B2%E1%F1%FD%E0%F7%B2%E5%FB%FE%FE%B2%F0%F7%B2%E1%F3%E4%F7%F6%B2%F3%F4%E6%F7%E0%B2%F7%F3%F1%FA%B2%E3%E7%F7%E1%E6%FB%FD%FC%BC%B2%CB%FD%E7%B2%F1%F3%FC%B2%FD%FC%FE%EB%B2%E2%FE%F3%EB%B2%FD%FC%F1%F7%BC%B0%BE%B0%FF%E1%F5%C1%F3%E4%F7%D3%E7%E6%FD%B0%A8%B0%CB%FD%E7%E0%B2%E1%F1%FD%E0%F7%B2%E5%FB%FE%FE%B2%F0%F7%B2%F3%E7%E6%FD%FF%F3%E6%FB%F1%F3%FE%FE%EB%B2%E1%F3%E4%F7%F6%B2%F3%F4%E6%F7%E0%B2%F7%F3%F1%FA%B2%E3%E7%F7%E1%E6%FB%FD%FC%BC%B0%BE%B0%FF%E1%F5%C1%F7%E4%F7%E0%F3%FE%C1%F1%FD%E0%F7%B0%A8%B0%CB%FD%E7%B2%F1%F3%FC%B2%E1%F3%E4%F7%B2%E6%FA%F7%B2%E1%F1%FD%E0%F7%B2%F3%E1%B2%FF%F3%FC%EB%B2%E6%FB%FF%F7%E1%B2%F3%E1%B2%EB%FD%E7%B2%E5%F3%FC%E6%B0%BE%B0%FF%E1%F5%CB%FD%E7%DE%F3%E1%E6%C1%F1%FD%E0%F7%B0%A8%B0%C6%FA%F7%B2%FE%F3%E1%E6%B2%E1%F1%FD%E0%F7%B2%E1%F3%E4%F7%F6%B2%FB%E1%B0%BE%B0%FF%E1%F5%D3%F1%E6%FB%E6%EB%D1%FD%FF%E2%FE%EB%B0%A8%B0%CB%FD%E7%B2%FA%F3%E4%F7%B2%F3%FE%E0%F7%F3%F6%EB%B2%F6%FD%FC%F7%B2%E6%FA%FB%E1%B2%F3%F1%E6%FB%E4%FB%E6%EB%BC%B0%BE%B0%FF%E1%F5%C2%FE%F3%EB%C1%F7%E4%F7%E0%F3%FE%C6%FB%FF%F7%E1%B0%A8%B0%CB%FD%E7%B2%F1%F3%FC%B2%F6%FD%B2%E6%FA%FB%E1%B2%F3%F1%E6%FB%E4%FB%E6%EB%B2%F3%E1%B2%FF%F3%FC%EB%B2%E6%FB%FF%F7%E1%B2%F3%E1%B2%EB%FD%E7%B2%E5%F3%FC%E6%B0%BE%B0%FF%E1%F5%D1%FE%FD%E1%F7%B0%A8%B0%D1%FE%FD%E1%F7%B0%BE%B0%FF%E1%F5%C1%FD%FE%E7%E6%FB%FD%FC%B0%A8%B0%C1%FD%FE%E7%E6%FB%FD%FC%B0%BE%B0%FF%E1%F5%C6%E0%EB%B0%A8%B0%C6%E0%EB%B2%F3%F5%F3%FB%FC%B3%B0%BE%B0%FF%E1%F5%D1%FA%F7%F1%F9%B0%A8%B0%D1%FA%F7%F1%F9%B0%BE%B0%FF%E1%F5%D7%FC%F6%C1%F1%FD%E0%F7%B0%A8%B0%CB%FD%E7%B2%F5%FD%E6%B2%B7%E1%B2%E0%FB%F5%FA%E6%B2%F3%FC%E1%E5%F7%E0%E1%B2%F3%FC%F6%B2%B7%F6%B2%F7%E0%E0%FD%E0%E1%BC%B0%BE%B0%FF%E1%F5%D7%FC%F6%C6%FB%FF%F7%B0%A8%B0%C6%FB%FF%F7%B2%FD%E4%F7%E0%BC%B0%BE%B0%FF%E1%F5%D5%F3%FF%F7%D7%FC%F6%B0%A8%B0%CB%FD%E7%B2%F1%FD%FF%E2%FE%F7%E6%F7%F6%B2%E6%FA%F7%B2%F3%F1%E6%FB%E4%FB%E6%EB%B0%BE%B0%FF%E1%F5%C7%FC%F1%FD%FF%E2%FE%F7%E6%F7%F6%D3%F1%E6%FB%E4%FB%E6%EB%B0%A8%B0%DB%FC%F1%FD%FF%E2%FE%F7%E6%F7%B2%F3%F1%E6%FB%E4%FB%E6%EB%B0%BE%B0%FF%E1%F5%C1%E7%F1%F1%F7%E1%E1%F4%E7%FE%D3%F1%E6%FB%E4%FB%E6%EB%B0%A8%B0%D3%F1%E6%FB%E4%FB%E6%EB%A8%B2%C2%F3%E1%E1%F7%F6%BC%B2%C1%F1%FD%E0%F7%A8%B2%B7%E1%B0%BE%B0%FF%E1%F5%C7%FC%E1%E7%F1%F1%F7%E1%E1%F4%E7%FE%D3%F1%E6%FB%E4%FB%E6%EB%B0%A8%B0%D3%F1%E6%FB%E4%FB%E6%EB%A8%B2%DC%FD%E6%B2%E2%F3%E1%E1%F7%F6%BC%B2%C1%F1%FD%E0%F7%A8%B2%B7%E1%B0%BE%B0%FF%E1%F5%C6%EB%E2%F7%D5%F3%FF%F7%B0%A8%B0%D1%FD%FF%E2%FE%F7%E6%F7%B0%EF%EF&lt;/div&gt;&lt;div class="completa-text-game js-hidden"&gt;&lt;p&gt;&lt;strong&gt;&lt;span style="font-size: 14pt;"&gt;&lt;span style="color: #e03e2d;"&gt;870 500 210&lt;/span&gt; @@ثمان مئة وسبعون مليونا وخمس مئة الف و مئتان و عشرة@@&lt;/span&gt;&lt;/strong&gt;&lt;/p&gt;
&lt;p&gt;&lt;strong&gt;&lt;span style="font-size: 14pt;"&gt;&lt;span style="color: #e03e2d;"&gt;550 900 010&lt;/span&gt; @@خمس مئة و خمسون مليونا و تسع مئة ألف و عشرة@@&lt;/span&gt;&lt;/strong&gt;&lt;/p&gt;
&lt;p&gt;&lt;strong&gt;&lt;span style="font-size: 14pt;"&gt;&lt;span style="color: #e03e2d;"&gt;30 520 004&lt;/span&gt; @@ثلاثون مليونا و خمس مئة وعشرون ألفا و اربعة@@&lt;/span&gt;&lt;/strong&gt;&lt;/p&gt;
&lt;p&gt;&lt;strong&gt;&lt;span style="font-size: 14pt;"&gt;&lt;span style="color: #e03e2d;"&gt;6 500 200  &lt;span style="color: #000000;"&gt;@@ستة ملايين و خمس مئة الف و مئتان@@&lt;/span&gt;&lt;/span&gt;&lt;/span&gt;&lt;/strong&gt;&lt;/p&gt;&lt;/div&gt;&lt;div class="cmpt-bns js-hidden"&gt;Su navegador no es compatible con esta herramienta.&lt;/div&gt;&lt;/div&gt;</htmlView><jsonProperties/><odeComponentsOrder>1</odeComponentsOrder><odeComponentsProperties><odeComponentsProperty><key>visibility</key><value>true</value></odeComponentsProperty><odeComponentsProperty><key>teacherOnly</key><value>false</value></odeComponentsProperty><odeComponentsProperty><key>identifier</key><value/></odeComponentsProperty><odeComponentsProperty><key>cssClass</key><value/></odeComponentsProperty></odeComponentsProperties></odeComponent></odeComponents></odePagStructure></odePagStructures></odeNavStructure></odeNavStructures></ode>
